ticker,signal_date,entry_date,entry_price,resistance_level,base_low,target_price,stop_price,exit_date,exit_price,exit_reason,days_held,pnl,win,risk_reward,volume_ratio,consolidation_length,base_range_pct,relative_strength,year
ADP,2020-12-18,2020-12-18,179.24,179.03,170.88,187.18,170.03,2021-01-04,170.03,Stop Loss,9,-0.051408,False,0.862,2.189,17,0.047694,20.919405518849832,2020
AKAM,2020-12-18,2020-12-18,107.08,106.13,101.13,111.13,100.62,2021-01-20,111.13,Profit Target,20,0.037822,True,0.627,2.025,19,0.049441,-16.243203884144897,2020
BAC,2020-12-21,2020-12-21,29.74,29.43,28.1,30.76,27.96,2021-01-06,30.76,Profit Target,10,0.034297,True,0.573,1.847,17,0.047331,13.378611714800215,2020
BR,2020-12-18,2020-12-18,153.88,150.92,144.57,157.27,143.85,2021-01-07,157.27,Profit Target,12,0.02203,True,0.338,2.282,19,0.043923,5.701219120074907,2020
DPZ,2020-12-17,2020-12-17,395.16,394.31,379.42,409.2,377.52,2021-01-04,377.52,Stop Loss,10,-0.044633,False,0.796,1.711,23,0.039244,-19.45551749276515,2020
DPZ,2020-12-18,2020-12-18,396.71,395.69,379.42,411.96,377.52,2021-01-04,377.52,Stop Loss,9,-0.048366,False,0.795,2.029,24,0.042881,-17.416386034563846,2020
GPN,2020-12-21,2020-12-21,200.42,200.35,191.27,209.43,190.31,2020-12-28,209.43,Profit Target,4,0.044956,True,0.892,2.769,18,0.047472,2.167282234090284,2020
JPM,2020-12-21,2020-12-21,123.55,123.5,117.77,129.23,117.18,2021-01-06,129.23,Profit Target,10,0.045973,True,0.892,2.174,18,0.048654,18.408673531122343,2020
YUM,2020-12-17,2020-12-17,108.79,108.64,103.77,113.51,103.25,2021-01-27,103.25,Stop Loss,26,-0.050913,False,0.852,1.824,20,0.046931,3.99887858693595,2020
YUM,2020-12-18,2020-12-18,109.78,108.88,103.77,113.99,103.25,2021-01-27,103.25,Stop Loss,25,-0.059472,False,0.645,2.759,21,0.049244,7.8307742469626795,2020
ABBV,2021-11-23,2021-11-23,118.88,118.37,113.57,123.17,113.0,2021-12-09,123.17,Profit Target,11,0.036087,True,0.73,1.617,16,0.042265,-5.255899066201319,2021
ABBV,2021-12-06,2021-12-06,121.35,119.33,115.01,123.65,114.43,2021-12-09,123.65,Profit Target,3,0.018953,True,0.333,1.781,23,0.037562,10.170603923260924,2021
ADM,2021-04-26,2021-04-26,59.98,59.94,57.32,62.56,57.03,2021-04-28,62.56,Profit Target,2,0.043014,True,0.876,1.885,15,0.045708,7.089803816113549,2021
ADM,2021-09-13,2021-09-13,61.15,60.73,58.44,63.02,58.15,2021-09-16,63.02,Profit Target,3,0.030581,True,0.623,1.552,16,0.039186,-6.822596017281679,2021
AVY,2021-08-25,2021-08-25,223.94,220.5,211.02,229.98,209.96,2021-09-20,209.96,Stop Loss,17,-0.062406,False,0.432,1.908,15,0.044925,-4.72083984240812,2021
BKNG,2021-09-22,2021-09-22,96.24,95.51,91.01,100.01,90.55,2021-09-24,100.01,Profit Target,2,0.039175,True,0.662,1.523,15,0.049491,8.393360132999383,2021
CASY,2021-09-02,2021-09-02,208.0,205.73,196.36,215.1,195.38,2021-09-08,195.38,Stop Loss,3,-0.060682,False,0.563,1.561,17,0.047718,-5.859794214967895,2021
CHD,2021-10-28,2021-10-28,85.29,85.12,81.28,88.96,80.87,2021-11-02,88.96,Profit Target,3,0.04303,True,0.831,2.221,15,0.047244,-1.9098340976117845,2021
CL,2021-07-16,2021-07-16,84.39,83.9,80.21,87.59,79.81,2021-07-30,79.81,Stop Loss,10,-0.054284,False,0.699,1.659,26,0.046004,-0.5047029873775477,2021
CMCSA,2021-08-31,2021-08-31,56.87,56.34,53.88,58.81,53.61,2021-09-14,53.61,Stop Loss,9,-0.057308,False,0.595,1.602,19,0.045747,0.5976694898600865,2021
CPT,2021-08-30,2021-08-30,148.79,147.74,141.7,153.78,140.99,2021-09-03,153.78,Profit Target,4,0.033537,True,0.64,1.644,15,0.042625,7.373780647259864,2021
CSCO,2021-08-19,2021-08-19,57.27,56.62,54.41,58.83,54.14,2021-08-24,58.83,Profit Target,3,0.027239,True,0.498,3.015,19,0.040618,3.279429709338766,2021
CSCO,2021-11-02,2021-11-02,57.62,56.72,54.07,59.37,53.8,2021-11-18,53.8,Stop Loss,12,-0.066302,False,0.458,1.61,18,0.049011,-0.7272822688933367,2021
CTAS,2021-05-07,2021-05-07,90.17,88.91,84.8,93.02,84.38,2021-06-22,93.02,Profit Target,31,0.031663,True,0.493,1.74,16,0.048466,-2.2894856301926003,2021
DHR,2021-01-05,2021-01-05,202.81,202.13,194.16,210.1,193.19,2021-01-06,210.1,Profit Target,1,0.035931,True,0.757,1.757,24,0.041048,-5.859004056916595,2021
DLR,2021-06-02,2021-06-02,154.76,153.37,146.12,160.62,145.39,2021-06-08,160.62,Profit Target,4,0.037865,True,0.625,1.527,19,0.049617,6.0044326495129585,2021
DUK,2021-05-10,2021-05-10,103.74,101.9,98.03,105.77,97.54,2021-05-17,105.77,Profit Target,5,0.019568,True,0.327,2.493,18,0.039478,9.054101821884753,2021
ECL,2021-09-08,2021-09-08,229.6,228.17,217.33,239.01,216.24,2021-09-20,216.24,Stop Loss,8,-0.058174,False,0.705,1.66,22,0.049878,0.604012411624022,2021
ED,2021-11-29,2021-11-29,80.35,79.89,76.42,83.36,76.04,2021-12-13,83.36,Profit Target,10,0.037461,True,0.698,1.525,15,0.045407,2.76538682577836,2021
EL,2021-06-24,2021-06-24,308.7,306.63,294.5,318.76,293.03,2021-06-30,318.76,Profit Target,4,0.032588,True,0.642,1.666,16,0.041188,-1.1219213519887639,2021
EQR,2021-09-01,2021-09-01,85.56,84.53,81.04,88.02,80.63,2021-09-17,80.63,Stop Loss,11,-0.057564,False,0.499,1.806,17,0.043065,0.6756070411208182,2021
ESS,2021-08-30,2021-08-30,326.8,325.68,313.17,338.19,311.6,2021-10-26,338.19,Profit Target,40,0.034853,True,0.75,1.743,15,0.039946,-1.9063471443834246,2021
ESS,2021-08-31,2021-08-31,330.74,327.35,313.17,341.53,311.6,2021-10-27,341.53,Profit Target,40,0.032624,True,0.564,1.873,16,0.045279,-0.9511612538505965,2021
EXC,2021-08-16,2021-08-16,34.65,34.52,32.89,36.16,32.72,2021-09-13,36.16,Profit Target,19,0.043434,True,0.781,1.645,15,0.049664,-1.7418798159452686,2021
EXPD,2021-09-13,2021-09-13,127.35,126.29,120.46,132.12,119.86,2021-09-30,119.86,Stop Loss,13,-0.058832,False,0.637,1.575,25,0.048398,-2.0333648649758063,2021
FAST,2021-03-01,2021-03-01,24.24,24.0,22.86,25.13,22.75,2021-03-04,22.75,Stop Loss,3,-0.061452,False,0.601,1.843,19,0.04965,-4.342825977296272,2021
FER,2021-06-08,2021-06-08,30.7,30.2,28.8,31.6,28.66,2021-08-04,29.55,Time Exit,40,-0.037528,False,0.44,5.405,26,0.048611,7.323529549618191,2021
FIS,2021-04-08,2021-04-08,148.88,147.32,140.52,154.12,139.82,2021-04-26,154.12,Profit Target,12,0.035196,True,0.578,1.598,18,0.048392,3.5577366884549377,2021
HSY,2021-04-29,2021-04-29,164.22,163.99,156.28,171.7,155.5,2021-05-11,171.7,Profit Target,8,0.045549,True,0.858,1.693,23,0.049335,2.027838711684593,2021
HSY,2021-07-07,2021-07-07,176.57,175.86,169.49,182.23,168.64,2021-07-20,182.23,Profit Target,9,0.032055,True,0.714,1.565,30,0.037583,5.944374402150321,2021
IBM,2021-01-06,2021-01-06,123.6,122.07,116.37,127.78,115.79,2021-01-22,115.79,Stop Loss,11,-0.063258,False,0.534,1.674,27,0.049047,-4.35758217587916,2021
IEX,2021-01-06,2021-01-06,202.18,199.45,190.17,208.73,189.22,2021-01-08,208.73,Profit Target,2,0.032397,True,0.505,1.678,18,0.048798,0.8790844723897129,2021
IEX,2021-07-16,2021-07-16,226.67,226.11,216.01,236.21,214.93,2021-07-28,214.93,Stop Loss,8,-0.051794,False,0.813,4.551,17,0.046757,-3.8385929577057887,2021
INTU,2021-08-19,2021-08-19,543.44,542.96,520.93,564.99,518.33,2021-08-25,564.99,Profit Target,4,0.039655,True,0.858,1.846,16,0.04229,17.764343892609745,2021
INTU,2021-08-23,2021-08-23,552.49,549.68,524.26,575.1,521.64,2021-08-25,575.1,Profit Target,2,0.040924,True,0.733,1.605,16,0.048487,19.345803887193536,2021
IRM,2021-08-31,2021-08-31,47.75,46.86,44.67,49.05,44.45,2021-09-02,49.05,Profit Target,2,0.027225,True,0.394,2.613,16,0.049026,-4.597739397407996,2021
KDP,2021-01-26,2021-01-26,32.63,32.24,30.81,33.67,30.66,2021-01-28,33.67,Profit Target,2,0.031873,True,0.527,1.79,20,0.046414,3.7003095873839653,2021
KDP,2021-07-15,2021-07-15,36.01,35.61,33.96,37.26,33.79,2021-09-10,34.83,Time Exit,40,-0.032769,False,0.563,1.619,26,0.048587,-5.315854355599548,2021
KDP,2021-08-31,2021-08-31,35.67,35.52,33.96,37.08,33.79,2021-09-27,33.79,Stop Loss,18,-0.0527,False,0.75,1.665,24,0.045936,-5.742303571705509,2021
KMB,2021-09-08,2021-09-08,141.49,141.14,134.8,147.48,134.13,2021-09-20,134.13,Stop Loss,8,-0.052046,False,0.813,1.618,16,0.047033,3.268997482535174,2021
KO,2021-07-14,2021-07-14,56.26,56.21,53.55,58.87,53.28,2021-09-09,55.86,Time Exit,40,-0.00711,False,0.877,1.557,24,0.049673,-1.9815930350811861,2021
KO,2021-10-27,2021-10-27,55.52,54.88,52.4,57.36,52.14,2021-12-13,57.36,Profit Target,32,0.033141,True,0.544,1.607,27,0.047328,-4.441762685202266,2021
KO,2021-10-29,2021-10-29,56.37,56.11,53.77,58.45,53.5,2021-11-30,53.5,Stop Loss,21,-0.050893,False,0.725,1.592,16,0.043519,-4.264354237372581,2021
LHX,2021-05-04,2021-05-04,216.4,213.0,203.92,222.08,202.9,2021-06-04,222.08,Profit Target,22,0.026248,True,0.421,1.82,21,0.044527,9.74538921048429,2021
LIN,2021-05-06,2021-05-06,296.4,292.77,280.45,305.09,279.05,2021-06-01,305.09,Profit Target,17,0.029318,True,0.501,1.74,23,0.043929,9.85213320017342,2021
MA,2021-07-13,2021-07-13,383.71,380.92,364.27,397.57,362.45,2021-08-03,362.45,Stop Loss,15,-0.05541,False,0.652,1.602,15,0.045708,-4.502774818379485,2021
MAA,2021-01-14,2021-01-14,129.0,127.37,122.15,132.59,121.54,2021-01-20,132.59,Profit Target,3,0.027829,True,0.481,1.785,19,0.042734,-1.0882588676732752,2021
MCD,2021-09-16,2021-09-16,243.21,242.25,233.05,251.45,231.88,2021-11-01,251.45,Profit Target,32,0.03388,True,0.728,1.619,30,0.039476,-1.5394427755159423,2021
MDLZ,2021-04-28,2021-04-28,60.88,60.23,57.49,62.97,57.2,2021-05-20,62.97,Profit Target,16,0.03433,True,0.568,2.182,29,0.04766,-0.9913265043425712,2021
MSI,2021-06-25,2021-06-25,215.62,215.11,206.18,224.04,205.15,2021-07-07,224.04,Profit Target,7,0.03905,True,0.804,1.542,17,0.043312,7.982181315725589,2021
NI,2021-06-11,2021-06-11,26.01,25.99,24.84,27.14,24.72,2021-06-24,24.72,Stop Loss,9,-0.049758,False,0.873,2.266,21,0.046296,1.9660241685011792,2021
NI,2021-11-03,2021-11-03,25.29,25.14,24.02,26.26,23.9,2021-12-13,26.26,Profit Target,27,0.038355,True,0.698,2.044,24,0.046628,-4.994578828280149,2021
NSC,2021-04-21,2021-04-21,280.46,278.37,267.04,289.7,265.7,2021-05-05,289.7,Profit Target,10,0.032946,True,0.626,1.669,17,0.042428,9.384940552216081,2021
PAYX,2021-06-25,2021-06-25,105.61,105.17,100.69,109.65,100.19,2021-07-07,109.65,Profit Target,7,0.038254,True,0.745,2.492,16,0.044493,0.4459019544320153,2021
PAYX,2021-06-28,2021-06-28,106.91,106.21,101.38,111.04,100.87,2021-07-08,111.04,Profit Target,7,0.038631,True,0.684,1.591,16,0.047643,1.3316024192201237,2021
PCAR,2021-01-06,2021-01-06,59.21,58.67,56.05,61.29,55.77,2021-01-20,61.29,Profit Target,9,0.035131,True,0.605,1.619,23,0.046747,-7.073091938854093,2021
PEP,2021-07-13,2021-07-13,152.96,150.7,144.61,156.79,143.89,2021-07-16,156.79,Profit Target,3,0.025039,True,0.422,1.861,30,0.042113,0.7634917498181348,2021
PFE,2021-07-20,2021-07-20,41.05,40.35,38.7,42.0,38.51,2021-07-27,42.0,Profit Target,5,0.023142,True,0.374,2.481,25,0.042636,2.9064833559265812,2021
PG,2021-07-30,2021-07-30,142.23,141.98,135.36,148.6,134.68,2021-09-27,141.66,Time Exit,40,-0.004008,False,0.844,2.092,19,0.048907,0.6075647888331703,2021
PG,2021-12-03,2021-12-03,149.88,149.72,144.02,155.42,143.3,2021-12-10,155.42,Profit Target,5,0.036963,True,0.842,1.682,19,0.039578,2.1979643044706343,2021
PG,2021-12-06,2021-12-06,152.15,150.0,144.02,155.98,143.3,2021-12-13,155.98,Profit Target,5,0.025173,True,0.433,1.73,20,0.041522,1.7071245461293794,2021
PLD,2021-08-16,2021-08-16,133.69,132.08,126.31,137.85,125.68,2021-09-01,137.85,Profit Target,12,0.031117,True,0.519,1.542,19,0.045681,6.030496214452263,2021
PM,2021-06-14,2021-06-14,100.5,98.95,94.4,103.5,93.93,2021-08-10,99.96,Time Exit,40,-0.005373,False,0.456,2.605,30,0.048199,3.4184348046196966,2021
PM,2021-09-02,2021-09-02,105.64,103.63,99.15,108.11,98.65,2021-09-28,98.65,Stop Loss,17,-0.066128,False,0.354,1.65,17,0.045184,1.310336705984172,2021
POOL,2021-06-21,2021-06-21,452.9,444.64,425.31,463.97,423.18,2021-06-29,463.97,Profit Target,6,0.024443,True,0.373,2.021,21,0.045449,26.197997553382677,2021
PPG,2021-01-06,2021-01-06,148.93,147.74,140.83,154.65,140.13,2021-01-22,140.13,Stop Loss,11,-0.059116,False,0.65,1.733,21,0.049066,3.4744217056539517,2021
PPL,2021-08-06,2021-08-06,29.23,28.87,27.68,30.06,27.54,2021-09-01,30.06,Profit Target,18,0.028396,True,0.492,1.503,30,0.042991,-7.196468800466915,2021
PPL,2021-12-06,2021-12-06,29.22,29.06,27.75,30.37,27.61,2022-01-07,30.37,Profit Target,23,0.039357,True,0.715,1.526,19,0.047207,-3.8173998942521714,2021
PSA,2021-05-28,2021-05-28,282.48,281.82,269.55,294.09,268.2,2021-06-08,294.09,Profit Target,6,0.0411,True,0.813,2.199,17,0.04552,10.687771939909197,2021
RSG,2021-07-30,2021-07-30,118.36,117.34,111.95,122.73,111.39,2021-08-25,122.73,Profit Target,18,0.036921,True,0.627,1.987,17,0.048146,2.213195884759922,2021
SJM,2021-06-03,2021-06-03,137.88,137.87,132.07,143.67,131.41,2021-06-18,131.41,Stop Loss,11,-0.046927,False,0.895,1.596,15,0.043916,6.391848616767715,2021
SNA,2021-04-22,2021-04-22,240.23,238.1,226.85,249.35,225.72,2021-05-06,249.35,Profit Target,10,0.037964,True,0.628,2.284,17,0.049592,17.942459165667657,2021
SO,2021-12-06,2021-12-06,64.66,63.95,60.99,66.91,60.69,2021-12-15,66.91,Profit Target,7,0.034797,True,0.566,2.016,29,0.048533,-5.251829219413418,2021
SPGI,2021-07-29,2021-07-29,423.57,422.7,402.6,442.8,400.59,2021-08-04,442.8,Profit Target,4,0.0454,True,0.837,1.606,23,0.049925,2.0478629690394934,2021
SRE,2021-09-15,2021-09-15,68.38,67.78,64.55,71.0,64.23,2021-09-28,64.23,Stop Loss,9,-0.06073,False,0.631,1.726,30,0.049961,-5.993012945117593,2021
TDY,2021-07-13,2021-07-13,437.21,434.61,414.11,455.11,412.04,2021-07-28,455.11,Profit Target,11,0.040941,True,0.711,1.826,30,0.049504,-3.04210297582026,2021
TGT,2021-11-15,2021-11-15,264.33,262.51,251.31,273.71,250.05,2021-11-18,250.05,Stop Loss,3,-0.05401,False,0.657,1.934,19,0.044567,0.16303009139055913,2021
TRI,2021-05-03,2021-05-03,97.09,96.77,93.04,100.5,92.58,2021-05-04,100.5,Profit Target,1,0.03508,True,0.754,1.7,20,0.040067,3.16781976296594,2021
TRMB,2021-06-25,2021-06-25,81.05,80.55,76.82,84.28,76.44,2021-07-28,84.28,Profit Target,22,0.039852,True,0.7,2.108,23,0.048555,-6.1061479185583245,2021
UNH,2021-08-19,2021-08-19,427.89,423.66,404.3,443.02,402.28,2021-09-28,402.28,Stop Loss,27,-0.059855,False,0.591,1.552,30,0.047885,-1.4083010469604806,2021
VRSK,2021-08-17,2021-08-17,193.0,192.48,183.98,200.98,183.06,2021-08-30,200.98,Profit Target,9,0.041347,True,0.803,1.651,20,0.046201,4.878125246018339,2021
WELL,2021-08-31,2021-08-31,87.53,86.52,82.66,90.38,82.25,2021-09-28,82.25,Stop Loss,19,-0.06036,False,0.539,1.704,16,0.046697,5.068767693285525,2021
WMT,2021-08-05,2021-08-05,48.5,47.98,45.74,50.22,45.51,2021-08-11,50.22,Profit Target,4,0.035466,True,0.577,1.529,26,0.048896,-1.9410724695167358,2021
WMT,2021-08-10,2021-08-10,49.56,48.83,46.59,51.06,46.36,2021-10-01,46.36,Stop Loss,37,-0.064628,False,0.469,2.129,20,0.048007,0.5123607926042828,2021
XEL,2021-08-20,2021-08-20,70.61,70.46,67.3,73.62,66.96,2021-09-14,66.96,Stop Loss,16,-0.051643,False,0.825,1.625,20,0.046954,-5.256797492372711,2021
HUM,2022-04-07,2022-04-07,457.6,449.94,430.24,469.64,428.09,2022-05-02,428.09,Stop Loss,16,-0.064491,False,0.408,1.584,17,0.045788,20.48983219692433,2022
AAPL,2023-05-05,2023-05-05,173.57,170.92,162.8,179.04,161.99,2023-05-31,179.04,Profit Target,17,0.031515,True,0.472,2.136,15,0.049877,13.685194186615778,2023
AAPL,2023-07-19,2023-07-19,195.1,194.48,185.23,203.73,184.3,2023-08-04,184.3,Stop Loss,12,-0.055337,False,0.799,1.603,16,0.049938,7.6896634904084715,2023
ABBV,2023-09-13,2023-09-13,151.16,150.35,143.74,156.96,143.02,2023-10-27,143.02,Stop Loss,32,-0.053842,False,0.713,1.542,16,0.045986,7.545152319522086,2023
ACN,2023-12-21,2023-12-21,348.75,346.96,332.02,361.9,330.36,2024-01-19,361.9,Profit Target,18,0.037706,True,0.715,1.522,16,0.044997,5.642483572116697,2023
AIG,2023-12-12,2023-12-12,66.95,66.68,63.57,69.79,63.25,2024-01-25,69.79,Profit Target,29,0.04242,True,0.768,1.605,17,0.048922,2.5288728055048892,2023
AJG,2023-09-19,2023-09-19,235.78,233.49,224.47,242.51,223.35,2023-11-03,242.51,Profit Target,33,0.028544,True,0.541,1.632,17,0.040184,9.32818629601384,2023
AKAM,2023-09-20,2023-09-20,108.49,106.63,101.63,111.63,101.12,2023-11-08,111.63,Profit Target,35,0.028943,True,0.426,2.001,18,0.049198,20.855083069961978,2023
AKAM,2023-12-14,2023-12-14,118.33,117.51,111.99,123.03,111.43,2024-01-23,123.03,Profit Target,25,0.039719,True,0.681,1.974,17,0.04929,0.2198043198939681,2023
AME,2023-12-11,2023-12-11,157.73,157.69,152.4,162.98,151.64,2023-12-14,162.98,Profit Target,3,0.033285,True,0.862,1.681,18,0.034711,-0.6887252493473994,2023
APH,2023-12-08,2023-12-08,46.62,46.35,44.42,48.29,44.2,2023-12-13,48.29,Profit Target,3,0.035933,True,0.693,2.283,16,0.043561,4.965154412813,2023
ASML,2023-12-11,2023-12-11,710.24,703.27,672.65,733.89,669.29,2023-12-13,733.89,Profit Target,2,0.033299,True,0.577,2.11,17,0.045521,14.684301536844146,2023
ATO,2023-05-04,2023-05-04,117.96,116.8,111.71,121.89,111.15,2023-06-01,111.15,Stop Loss,19,-0.057719,False,0.577,2.401,15,0.045564,2.6409034712467694,2023
BSX,2023-12-29,2023-12-29,57.81,56.9,54.31,59.49,54.04,2024-01-10,59.49,Profit Target,7,0.029061,True,0.445,1.891,16,0.047689,-0.10791805593259873,2023
CBOE,2023-07-13,2023-07-13,140.48,139.25,132.95,145.55,132.29,2023-08-04,145.55,Profit Target,16,0.036091,True,0.619,1.709,23,0.047386,-6.14365027314161,2023
CBOE,2023-08-04,2023-08-04,145.57,143.83,137.0,150.66,136.31,2023-08-11,150.66,Profit Target,5,0.034966,True,0.55,2.273,16,0.049854,-3.0830872747654503,2023
CBOE,2023-09-19,2023-09-19,155.87,154.89,148.0,161.78,147.26,2023-10-06,161.78,Profit Target,13,0.037916,True,0.686,2.805,25,0.046554,13.926134208779706,2023
CINF,2023-12-13,2023-12-13,105.98,104.89,99.92,109.86,99.42,2024-01-19,109.86,Profit Target,24,0.036611,True,0.591,1.633,15,0.04974,-10.495636201869218,2023
CL,2023-04-21,2023-04-21,76.8,76.63,73.7,79.56,73.33,2023-04-28,79.56,Profit Target,5,0.035937,True,0.796,2.77,18,0.039756,-0.15918862492012575,2023
CL,2023-11-30,2023-11-30,78.77,78.06,74.57,81.55,74.2,2024-01-23,81.55,Profit Target,35,0.035293,True,0.608,1.978,18,0.046802,4.486274583748373,2023
COR,2023-05-02,2023-05-02,169.16,168.82,161.02,176.62,160.21,2023-06-08,176.62,Profit Target,26,0.0441,True,0.834,2.038,19,0.048441,9.249312682229306,2023
COR,2023-11-02,2023-11-02,192.18,191.46,182.62,200.3,181.71,2023-11-22,200.3,Profit Target,14,0.042252,True,0.775,2.198,20,0.048407,6.151110894180434,2023
CSCO,2023-08-17,2023-08-17,54.73,54.14,51.7,56.58,51.44,2023-08-29,56.58,Profit Target,8,0.033802,True,0.563,2.38,21,0.047195,6.5382501196021625,2023
CTSH,2023-12-13,2023-12-13,73.18,72.27,68.96,75.58,68.62,2023-12-15,75.58,Profit Target,2,0.032796,True,0.526,1.74,16,0.047999,-1.983542835327956,2023
DD,2023-12-14,2023-12-14,30.72,30.43,29.07,31.79,28.92,2023-12-22,31.79,Profit Target,6,0.034732,True,0.593,1.814,21,0.046783,-8.647473126345506,2023
DGX,2023-11-30,2023-11-30,137.23,136.62,130.75,142.49,130.1,2024-01-02,142.49,Profit Target,21,0.03833,True,0.737,1.522,19,0.044895,5.365226153561409,2023
FANG,2023-09-01,2023-09-01,154.66,152.04,145.34,158.74,144.61,2023-09-28,158.74,Profit Target,18,0.02638,True,0.406,1.53,17,0.046099,10.84857372490735,2023
FAST,2023-12-06,2023-12-06,31.07,30.62,29.5,31.75,29.35,2023-12-12,31.75,Profit Target,4,0.022051,True,0.4,1.953,19,0.038136,11.735518409795853,2023
FOXA,2023-08-08,2023-08-08,34.93,34.29,32.72,35.87,32.55,2023-08-24,32.55,Stop Loss,12,-0.068095,False,0.393,3.913,18,0.048143,4.676027597574972,2023
GD,2023-12-04,2023-12-04,252.21,249.69,238.31,261.07,237.12,2024-01-02,261.07,Profit Target,19,0.035129,True,0.587,1.693,22,0.047753,14.780679200458223,2023
GILD,2023-04-21,2023-04-21,86.57,84.88,80.93,88.83,80.53,2023-04-28,80.53,Stop Loss,5,-0.069824,False,0.374,1.749,16,0.048808,1.6872149941242087,2023
GIS,2023-03-23,2023-03-23,82.15,81.47,77.66,85.28,77.27,2023-03-27,85.28,Profit Target,2,0.038101,True,0.642,1.941,20,0.04906,-7.496058587296961,2023
HPE,2023-08-08,2023-08-08,18.07,17.74,16.92,18.56,16.84,2023-08-18,16.84,Stop Loss,8,-0.068268,False,0.396,2.135,15,0.048401,21.629585370577797,2023
HSY,2023-03-24,2023-03-24,247.86,247.2,236.26,258.14,235.08,2023-04-04,258.14,Profit Target,7,0.041475,True,0.804,1.597,16,0.046305,1.3688401112323056,2023
IBM,2023-07-20,2023-07-20,138.38,136.45,130.83,142.07,130.18,2023-07-27,142.07,Profit Target,5,0.026666,True,0.45,2.721,16,0.042956,-1.4310804178679915,2023
IBM,2023-09-20,2023-09-20,149.83,149.0,143.22,154.78,142.5,2023-09-27,142.5,Stop Loss,5,-0.048896,False,0.676,2.86,18,0.040357,12.649670188664498,2023
INVH,2023-09-15,2023-09-15,35.29,35.17,33.6,36.74,33.43,2023-09-21,33.43,Stop Loss,4,-0.05265,False,0.78,2.954,15,0.046726,3.552073148446455,2023
ITW,2023-12-08,2023-12-08,249.61,248.98,237.6,260.36,236.41,2023-12-20,260.36,Profit Target,8,0.043067,True,0.815,1.92,15,0.047896,0.9457937460249255,2023
KHC,2023-05-03,2023-05-03,40.25,39.88,38.17,41.6,37.97,2023-05-26,37.97,Stop Loss,17,-0.056542,False,0.591,3.638,26,0.044936,3.522571046856471,2023
L,2023-07-07,2023-07-07,60.45,60.17,57.47,62.87,57.18,2023-07-31,62.87,Profit Target,16,0.040033,True,0.741,1.504,22,0.046981,-0.6535802494634924,2023
LMT,2023-07-17,2023-07-17,469.97,467.44,445.89,488.99,443.66,2023-08-15,443.66,Stop Loss,21,-0.055981,False,0.723,2.217,29,0.04833,-13.664119538164321,2023
MA,2023-12-13,2023-12-13,424.68,421.0,404.32,437.68,402.3,2024-01-22,437.68,Profit Target,25,0.030611,True,0.581,1.503,15,0.041254,-3.814071073155323,2023
MCD,2023-01-17,2023-01-17,274.11,271.02,259.51,282.53,258.21,2023-03-15,266.34,Time Exit,40,-0.028346,False,0.53,1.589,19,0.044353,0.8891559164610374,2023
MCD,2023-06-16,2023-06-16,293.7,293.48,280.0,306.96,278.6,2023-08-15,288.3,Time Exit,40,-0.018386,False,0.878,1.909,17,0.048143,-2.8424323881709013,2023
MKC,2023-04-28,2023-04-28,87.85,87.45,84.07,90.83,83.65,2023-05-15,90.83,Profit Target,11,0.033921,True,0.709,1.675,17,0.040205,17.384147464318524,2023
MNST,2023-07-21,2023-07-21,58.1,58.01,55.28,60.74,55.0,2023-08-04,55.0,Stop Loss,10,-0.053294,False,0.853,2.785,16,0.049385,-4.749060807034566,2023
NDSN,2023-07-31,2023-07-31,251.61,251.29,239.69,262.89,238.49,2023-08-15,238.49,Stop Loss,11,-0.052138,False,0.86,1.517,23,0.048396,3.406980094293499,2023
NEE,2023-01-17,2023-01-17,85.74,85.67,82.14,89.2,81.73,2023-01-20,81.73,Stop Loss,3,-0.046777,False,0.863,1.537,19,0.042975,12.520187254938975,2023
OTIS,2023-07-26,2023-07-26,90.73,89.43,85.81,93.05,85.38,2023-08-15,85.38,Stop Loss,14,-0.058956,False,0.434,2.636,16,0.042186,-4.065343013992262,2023
OTIS,2023-12-08,2023-12-08,87.5,87.27,83.21,91.33,82.79,2024-01-31,91.33,Profit Target,35,0.043771,True,0.814,1.832,16,0.048792,4.0689573175998195,2023
PCG,2023-07-05,2023-07-05,17.82,17.56,16.77,18.35,16.69,2023-08-17,16.69,Stop Loss,31,-0.063628,False,0.467,1.725,19,0.047108,-1.985550596574992,2023
PEP,2023-04-25,2023-04-25,189.71,186.57,179.31,193.83,178.41,2023-05-04,193.83,Profit Target,7,0.021717,True,0.365,1.816,20,0.040489,10.566042347213788,2023
PEP,2023-07-21,2023-07-21,190.16,189.99,181.08,198.9,180.17,2023-08-17,180.17,Stop Loss,19,-0.052511,False,0.875,2.805,26,0.049205,-10.966858149436565,2023
PG,2023-11-30,2023-11-30,153.52,153.5,146.28,160.72,145.55,2023-12-08,145.55,Stop Loss,6,-0.051924,False,0.903,1.578,30,0.049357,-2.641948741677269,2023
ROP,2023-04-27,2023-04-27,452.98,448.36,428.84,467.88,426.7,2023-06-26,460.2,Time Exit,40,0.015939,True,0.567,1.556,22,0.045518,4.003000173516846,2023
ROP,2023-11-30,2023-11-30,538.25,531.75,507.59,555.91,505.05,2024-01-29,555.91,Profit Target,39,0.03281,True,0.532,3.122,15,0.047597,6.286173255129657,2023
SJM,2023-05-01,2023-05-01,157.04,156.99,150.33,163.65,149.58,2023-05-22,149.58,Stop Loss,15,-0.047514,False,0.886,1.776,15,0.044303,3.9479307077751713,2023
SNPS,2023-05-17,2023-05-17,377.08,377.0,360.37,393.63,358.57,2023-05-18,393.63,Profit Target,1,0.04389,True,0.894,1.739,16,0.046147,2.0139797240027457,2023
TAP,2023-11-30,2023-11-30,61.54,60.58,58.03,63.13,57.74,2023-12-04,63.13,Profit Target,2,0.025837,True,0.418,1.716,18,0.043943,-5.022252109862546,2023
TEL,2023-07-26,2023-07-26,144.43,143.74,137.28,150.2,136.59,2023-08-08,136.59,Stop Loss,9,-0.054257,False,0.736,1.793,17,0.047057,7.605416257116082,2023
TJX,2023-08-16,2023-08-16,89.31,87.81,83.99,91.63,83.57,2023-08-30,91.63,Profit Target,10,0.025977,True,0.404,3.824,25,0.045482,8.893608945394238,2023
TMUS,2023-11-30,2023-11-30,150.45,149.62,143.42,155.82,142.7,2023-12-07,155.82,Profit Target,5,0.035693,True,0.693,1.515,20,0.04323,6.997152197211243,2023
TRI,2023-08-02,2023-08-02,136.92,135.85,129.45,142.25,128.8,2023-08-08,128.8,Stop Loss,4,-0.059285,False,0.657,1.796,15,0.04944,-0.4120067942038119,2023
TT,2023-08-02,2023-08-02,205.06,201.84,192.43,211.25,191.47,2023-09-12,211.25,Profit Target,28,0.030186,True,0.455,2.138,16,0.048901,6.957996231426522,2023
UNH,2023-11-30,2023-11-30,552.97,550.89,526.8,574.98,524.17,2023-12-15,524.17,Stop Loss,11,-0.05209,False,0.764,2.921,21,0.045729,11.462732450930368,2023
VRSK,2023-07-21,2023-07-21,234.11,231.6,220.68,242.52,219.58,2023-08-31,242.52,Profit Target,29,0.035923,True,0.579,3.102,23,0.049483,11.24718529932236,2023
VRSN,2023-04-28,2023-04-28,221.8,219.29,210.01,228.57,208.96,2023-05-22,228.57,Profit Target,16,0.030523,True,0.527,1.79,18,0.044188,-0.052379986168582526,2023
WELL,2023-02-16,2023-02-16,78.05,76.72,73.41,80.03,73.04,2023-03-01,73.04,Stop Loss,8,-0.064152,False,0.395,1.528,17,0.045089,11.006965390627087,2023
XEL,2023-12-13,2023-12-13,63.33,62.28,59.58,64.98,59.28,2024-01-19,59.28,Stop Loss,24,-0.063918,False,0.408,1.772,15,0.045317,-1.642937617085738,2023
XOM,2023-09-27,2023-09-27,120.2,118.84,113.23,124.45,112.66,2023-10-04,112.66,Stop Loss,5,-0.062697,False,0.564,1.598,16,0.049545,16.285413237651113,2023
XYL,2023-05-04,2023-05-04,106.33,105.78,100.84,110.72,100.34,2023-05-08,110.72,Profit Target,2,0.041287,True,0.732,1.927,17,0.048989,1.4289253341695618,2023
ABT,2024-02-20,2024-02-20,116.64,115.49,110.58,120.4,110.03,2024-02-29,120.4,Profit Target,7,0.032236,True,0.569,1.677,17,0.044402,4.400289935884905,2024
ADP,2024-01-31,2024-01-31,245.78,241.59,230.38,252.8,229.23,2024-02-15,252.8,Profit Target,11,0.028562,True,0.424,2.728,24,0.048659,0.9836119260542286,2024
AEE,2024-09-03,2024-09-03,83.28,82.96,79.81,86.11,79.41,2024-09-23,86.11,Profit Target,14,0.033982,True,0.731,1.901,15,0.039469,13.796410541489301,2024
ALL,2024-03-15,2024-03-15,162.2,161.2,153.87,168.53,153.1,2024-03-25,168.53,Profit Target,6,0.039026,True,0.696,5.489,17,0.047638,9.954890850747034,2024
AME,2024-02-02,2024-02-02,167.44,166.65,159.28,174.02,158.48,2024-02-15,174.02,Profit Target,9,0.039298,True,0.735,1.502,30,0.046271,1.1518205539604143,2024
AMP,2024-03-15,2024-03-15,419.49,419.24,403.68,434.8,401.66,2024-03-21,434.8,Profit Target,4,0.036497,True,0.859,3.03,15,0.038545,2.5546870305078295,2024
AON,2024-10-08,2024-10-08,353.97,353.54,337.19,369.89,335.5,2024-10-25,369.89,Profit Target,13,0.044976,True,0.862,1.57,29,0.048489,17.41045189907402,2024
APH,2024-12-16,2024-12-16,75.35,74.93,72.0,77.86,71.64,2024-12-18,71.64,Stop Loss,2,-0.049237,False,0.677,1.837,16,0.040694,8.22431689299583,2024
ATO,2024-09-09,2024-09-09,133.8,133.46,127.43,139.49,126.79,2024-10-01,139.49,Profit Target,16,0.042526,True,0.812,2.478,19,0.04732,14.446025580749078,2024
ATO,2024-09-10,2024-09-10,136.2,134.02,128.12,139.92,127.48,2024-10-04,139.92,Profit Target,18,0.027313,True,0.427,2.308,16,0.046051,16.154903725282587,2024
BSX,2024-06-21,2024-06-21,77.71,77.64,74.06,81.22,73.69,2024-07-30,73.69,Stop Loss,26,-0.051735,False,0.873,1.894,24,0.048339,9.167875605361232,2024
CHD,2024-09-03,2024-09-03,105.29,103.28,98.73,107.83,98.24,2024-10-29,100.63,Time Exit,40,-0.044259,False,0.36,1.521,20,0.046085,-5.3301884385032245,2024
CL,2024-01-23,2024-01-23,81.41,81.3,77.98,84.62,77.59,2024-01-31,84.62,Profit Target,6,0.03943,True,0.84,1.628,19,0.042575,-6.129102689403254,2024
CL,2024-01-26,2024-01-26,82.83,81.82,77.98,85.66,77.59,2024-02-01,85.66,Profit Target,4,0.034166,True,0.54,1.834,22,0.049243,-6.285918640842514,2024
CL,2024-04-26,2024-04-26,91.01,89.82,85.68,93.96,85.25,2024-05-07,93.96,Profit Target,7,0.032414,True,0.512,1.821,19,0.048319,1.7819662640014444,2024
CMS,2024-09-16,2024-09-16,70.48,70.12,66.86,73.38,66.53,2024-11-07,66.53,Stop Loss,38,-0.056105,False,0.733,2.222,16,0.048759,14.987998812349668,2024
COR,2024-07-30,2024-07-30,231.03,230.24,219.54,240.94,218.44,2024-07-31,240.94,Profit Target,1,0.042895,True,0.787,1.633,16,0.048738,-2.8449534371196794,2024
COST,2024-07-05,2024-07-05,885.67,873.96,834.32,913.6,830.15,2024-07-18,830.15,Stop Loss,9,-0.062689,False,0.503,1.503,19,0.047512,14.689073625521543,2024
CSX,2024-01-26,2024-01-26,35.39,35.09,33.45,36.73,33.28,2024-02-02,36.73,Profit Target,5,0.037864,True,0.636,2.011,27,0.049028,2.009965105146816,2024
DD,2024-05-24,2024-05-24,33.94,33.67,32.09,35.24,31.93,2024-07-24,33.3,Time Exit,40,-0.018861,False,0.646,2.454,17,0.049159,13.383872075874482,2024
DIS,2024-01-16,2024-01-16,93.05,92.24,88.69,95.79,88.25,2024-01-23,95.79,Profit Target,5,0.029446,True,0.57,1.505,15,0.040027,0.3982790060060415,2024
DIS,2024-05-06,2024-05-06,116.47,115.55,110.21,120.89,109.66,2024-05-07,109.66,Stop Loss,1,-0.058479,False,0.649,2.127,15,0.048453,4.387924945353228,2024
DPZ,2024-06-03,2024-06-03,522.98,522.81,499.5,546.12,497.0,2024-07-02,497.0,Stop Loss,20,-0.049672,False,0.891,1.648,18,0.046667,14.378606779829006,2024
EA,2024-10-30,2024-10-30,149.14,147.52,140.55,154.49,139.85,2024-11-05,154.49,Profit Target,4,0.035872,True,0.576,2.41,18,0.049591,-8.553172481802562,2024
ED,2024-04-19,2024-04-19,91.77,91.73,87.4,96.06,86.96,2024-05-03,96.06,Profit Target,10,0.046747,True,0.892,4.139,16,0.049542,0.880941957012582,2024
EFX,2024-02-08,2024-02-08,252.06,251.04,239.79,262.29,238.59,2024-02-22,262.29,Profit Target,9,0.040586,True,0.76,2.512,22,0.046916,23.768575195568786,2024
ELV,2024-07-16,2024-07-16,553.14,546.57,522.83,570.31,520.22,2024-07-17,520.22,Stop Loss,1,-0.059522,False,0.522,2.224,20,0.045407,-9.989085577199376,2024
EMR,2024-06-28,2024-06-28,110.16,110.15,105.7,114.6,105.17,2024-07-12,114.6,Profit Target,9,0.040305,True,0.89,1.973,17,0.0421,-8.619057340291613,2024
EQIX,2024-10-25,2024-10-25,914.33,896.75,859.93,933.57,855.63,2024-11-22,933.57,Profit Target,20,0.021043,True,0.328,2.993,30,0.042817,4.690759069911787,2024
EVRG,2024-11-08,2024-11-08,62.51,62.1,59.23,64.97,58.93,2024-11-27,64.97,Profit Target,13,0.039354,True,0.688,1.925,19,0.048455,-1.5342562934349546,2024
EXC,2024-09-11,2024-09-11,39.3,39.26,37.4,41.12,37.21,2024-10-02,41.12,Profit Target,15,0.04631,True,0.872,1.996,16,0.049733,10.405001193109499,2024
EXC,2024-09-12,2024-09-12,39.86,39.38,37.54,41.22,37.35,2024-11-07,38.09,Time Exit,40,-0.044405,False,0.542,3.399,15,0.049014,12.312187777862448,2024
EXPD,2024-05-31,2024-05-31,120.9,120.86,116.08,125.64,115.5,2024-06-05,125.64,Profit Target,3,0.039206,True,0.878,4.789,15,0.041178,-3.3900836397124934,2024
EXR,2024-09-18,2024-09-18,181.65,179.42,171.22,187.62,170.36,2024-10-04,170.36,Stop Loss,12,-0.062131,False,0.529,1.763,18,0.047892,12.512116586468625,2024
FDX,2024-11-06,2024-11-06,280.06,278.69,265.64,291.74,264.31,2024-11-11,291.74,Profit Target,3,0.041705,True,0.742,2.199,16,0.049127,-9.851134855501709,2024
FER,2024-02-28,2024-02-28,39.53,38.78,37.54,40.02,37.35,2024-03-06,37.35,Stop Loss,5,-0.055087,False,0.225,6.667,30,0.033031,10.025654657067506,2024
FFIV,2024-09-12,2024-09-12,205.95,203.98,194.45,213.51,193.48,2024-09-16,213.51,Profit Target,2,0.036708,True,0.606,1.508,18,0.04901,19.55749955783943,2024
FOX,2024-11-04,2024-11-04,39.96,39.32,37.72,40.92,37.53,2024-11-06,40.92,Profit Target,2,0.024024,True,0.395,1.93,29,0.042418,3.3824209217877543,2024
FOXA,2024-11-04,2024-11-04,43.0,42.85,41.06,44.64,40.85,2024-11-06,44.64,Profit Target,2,0.038139,True,0.764,3.01,29,0.043595,3.88705470448536,2024
GD,2024-08-29,2024-08-29,297.83,297.18,285.2,309.16,283.77,2024-09-16,309.16,Profit Target,11,0.038042,True,0.806,1.782,17,0.042006,-4.969899197802363,2024
GD,2024-09-09,2024-09-09,301.56,300.98,287.45,314.51,286.01,2024-11-04,293.6,Time Exit,40,-0.026396,False,0.833,1.909,21,0.047069,2.3603760367369553,2024
GDDY,2024-06-10,2024-06-10,142.04,141.27,134.62,147.92,133.95,2024-07-16,147.92,Profit Target,24,0.041362,True,0.726,1.883,16,0.049359,16.13848052819762,2024
GDDY,2024-10-31,2024-10-31,166.8,166.17,159.18,173.16,158.38,2024-11-06,173.16,Profit Target,4,0.038129,True,0.756,3.178,16,0.043913,-0.808717035794082,2024
HON,2024-01-30,2024-01-30,194.06,192.81,184.73,200.89,183.81,2024-02-01,183.81,Stop Loss,2,-0.052841,False,0.665,2.022,16,0.043724,-3.5154496760818166,2024
HON,2024-12-16,2024-12-16,222.43,220.55,210.33,230.76,209.28,2025-01-06,209.28,Stop Loss,13,-0.059135,False,0.633,2.288,20,0.048575,9.300797234702785,2024
HRL,2024-05-17,2024-05-17,36.31,36.28,34.59,37.97,34.42,2024-05-28,34.42,Stop Loss,6,-0.052133,False,0.877,1.539,18,0.048858,14.756938683406373,2024
HRL,2024-09-03,2024-09-03,33.14,32.71,31.2,34.22,31.04,2024-09-04,31.04,Stop Loss,1,-0.063247,False,0.515,1.566,19,0.048397,4.7754360189176115,2024
HWM,2024-01-10,2024-01-10,55.57,54.53,52.06,57.0,51.8,2024-01-24,57.0,Profit Target,9,0.025733,True,0.379,1.739,26,0.047445,15.3036933982039,2024
ITW,2024-03-14,2024-03-14,264.92,264.17,251.76,276.58,250.5,2024-04-17,250.5,Stop Loss,23,-0.054427,False,0.809,2.12,20,0.049293,-6.288842868648437,2024
J,2024-05-03,2024-05-03,122.5,121.81,117.1,126.51,116.51,2024-05-07,116.51,Stop Loss,2,-0.048871,False,0.67,1.504,18,0.040192,0.840712561582424,2024
J,2024-05-06,2024-05-06,123.31,122.69,117.1,128.28,116.51,2024-05-07,116.51,Stop Loss,1,-0.055124,False,0.731,2.408,19,0.04775,-0.6202389902886463,2024
KIM,2024-09-12,2024-09-12,23.65,23.57,22.51,24.63,22.4,2024-10-18,24.63,Profit Target,26,0.041438,True,0.782,1.875,15,0.04709,23.86529017153336,2024
KMI,2024-08-30,2024-08-30,21.57,21.53,20.66,22.4,20.56,2024-10-01,22.4,Profit Target,21,0.038479,True,0.819,2.277,17,0.04211,3.456650810843742,2024
KO,2024-04-24,2024-04-24,61.55,60.73,57.93,63.53,57.64,2024-05-13,63.53,Profit Target,13,0.032169,True,0.506,1.517,16,0.048334,-0.20330338689507066,2024
L,2024-03-15,2024-03-15,76.97,76.4,73.0,79.8,72.64,2024-05-13,77.34,Time Exit,40,0.004807,True,0.653,2.487,21,0.046575,4.343830382237246,2024
LDOS,2024-02-12,2024-02-12,114.56,114.23,108.95,119.51,108.41,2024-02-13,119.51,Profit Target,1,0.043209,True,0.804,2.053,16,0.048463,-2.2617766038038223,2024
LHX,2024-10-25,2024-10-25,252.81,250.88,239.58,262.18,238.38,2024-11-11,262.18,Profit Target,11,0.037063,True,0.649,2.594,17,0.047166,1.1683869483430698,2024
LIN,2024-02-06,2024-02-06,415.56,412.28,396.07,428.49,394.09,2024-02-15,428.49,Profit Target,7,0.031115,True,0.602,2.018,30,0.040927,-7.575493883277495,2024
LNT,2024-09-16,2024-09-16,60.51,59.8,57.24,62.36,56.95,2024-10-16,62.36,Profit Target,22,0.030573,True,0.52,1.533,19,0.044724,15.397156109917521,2024
MCD,2024-01-02,2024-01-02,297.04,296.85,283.0,310.7,281.58,2024-02-06,281.58,Stop Loss,24,-0.05203,False,0.884,1.505,20,0.04894,9.631724961696374,2024
MCD,2024-01-19,2024-01-19,300.53,297.99,285.05,310.93,283.62,2024-02-05,283.62,Stop Loss,11,-0.056251,False,0.615,1.707,28,0.045396,2.9349899713400074,2024
MDLZ,2024-01-26,2024-01-26,75.14,74.62,71.54,77.7,71.18,2024-02-14,71.18,Stop Loss,13,-0.052671,False,0.647,1.828,20,0.043053,-3.0621060621750518,2024
MDLZ,2024-01-29,2024-01-29,75.72,75.4,72.11,78.69,71.75,2024-02-13,71.75,Stop Loss,11,-0.052437,False,0.748,1.793,19,0.045625,-2.9135344715332634,2024
MDLZ,2024-01-30,2024-01-30,76.34,75.82,72.28,79.36,71.92,2024-02-13,71.92,Stop Loss,10,-0.057917,False,0.683,1.792,19,0.048976,-1.6448010549477088,2024
MKC,2024-09-03,2024-09-03,81.2,80.15,76.39,83.91,76.01,2024-09-10,83.91,Profit Target,5,0.033374,True,0.522,1.846,19,0.049221,15.018025749043362,2024
MRSH,2024-11-25,2024-11-25,230.71,229.62,219.21,240.03,218.11,2024-12-09,218.11,Stop Loss,9,-0.054597,False,0.74,2.671,15,0.047489,-7.498972665058412,2024
MSFT,2024-03-14,2024-03-14,425.22,418.18,398.39,437.97,396.4,2024-04-22,396.4,Stop Loss,26,-0.067781,False,0.442,1.691,15,0.049675,5.00055986336434,2024
MSI,2024-08-02,2024-08-02,410.3,403.53,384.51,422.55,382.59,2024-08-15,422.55,Profit Target,9,0.029856,True,0.442,2.167,24,0.049466,11.245754298641387,2024
NEE,2024-09-10,2024-09-10,82.3,82.14,78.43,85.85,78.04,2024-10-03,85.85,Profit Target,17,0.043135,True,0.833,1.514,15,0.047303,11.53989417334782,2024
NWSA,2024-07-16,2024-07-16,28.44,28.09,26.92,29.26,26.79,2024-08-02,26.79,Stop Loss,13,-0.058179,False,0.496,1.665,15,0.043462,4.325077812924816,2024
O,2024-09-30,2024-09-30,63.42,63.39,60.42,66.36,60.12,2024-10-31,60.12,Stop Loss,23,-0.052067,False,0.89,1.514,25,0.049156,15.972175611451455,2024
OKE,2024-06-28,2024-06-28,81.55,81.54,77.8,85.28,77.41,2024-07-15,85.28,Profit Target,10,0.045739,True,0.901,1.526,23,0.048072,-3.1301103534113084,2024
PEG,2024-05-31,2024-05-31,75.76,75.38,72.38,78.38,72.02,2024-06-14,72.02,Stop Loss,10,-0.049392,False,0.7,2.581,15,0.041448,13.649753089148952,2024
PEG,2024-09-11,2024-09-11,82.2,81.65,78.05,85.25,77.66,2024-09-18,85.25,Profit Target,5,0.037105,True,0.672,1.893,24,0.046124,11.156899020588229,2024
PFG,2024-03-15,2024-03-15,82.55,81.58,78.14,85.02,77.75,2024-03-22,85.02,Profit Target,5,0.029921,True,0.515,5.413,21,0.044024,-3.506189513055724,2024
PG,2024-01-23,2024-01-23,153.98,151.5,144.29,158.71,143.57,2024-02-01,158.71,Profit Target,7,0.030718,True,0.454,2.821,19,0.049969,-14.737190105574903,2024
PG,2024-09-03,2024-09-03,174.52,171.89,165.15,178.63,164.32,2024-10-29,167.17,Time Exit,40,-0.042116,False,0.403,1.695,21,0.040811,1.0816325218087064,2024
PKG,2024-01-25,2024-01-25,171.68,169.01,161.93,176.09,161.12,2024-02-02,161.12,Stop Loss,6,-0.061508,False,0.418,2.415,27,0.043723,-4.259912360930773,2024
PPL,2024-02-16,2024-02-16,26.64,26.59,25.35,27.83,25.22,2024-04-16,26.01,Time Exit,40,-0.023649,False,0.84,1.715,21,0.048915,-8.947154348460318,2024
REG,2024-06-24,2024-06-24,62.26,62.22,60.0,64.44,59.7,2024-07-12,64.44,Profit Target,13,0.035015,True,0.852,1.978,15,0.037,-0.9533593092852177,2024
REG,2024-08-30,2024-08-30,72.69,71.97,69.08,74.86,68.73,2024-09-10,74.86,Profit Target,6,0.029853,True,0.549,1.541,17,0.041836,12.805824343371786,2024
ROP,2024-09-19,2024-09-19,560.86,560.0,537.93,582.07,535.24,2024-10-23,535.24,Stop Loss,24,-0.045679,False,0.828,1.519,23,0.041028,-4.073545553944036,2024
RSG,2024-01-19,2024-01-19,168.68,168.22,160.39,176.05,159.59,2024-02-13,176.05,Profit Target,17,0.043692,True,0.811,1.603,30,0.048819,3.8310542026378958,2024
RSG,2024-02-13,2024-02-13,175.61,175.35,167.51,183.19,166.67,2024-02-22,183.19,Profit Target,6,0.043164,True,0.848,1.549,17,0.046803,0.7904958706316467,2024
RSG,2024-02-14,2024-02-14,178.74,176.54,168.58,184.5,167.74,2024-02-23,184.5,Profit Target,6,0.032225,True,0.523,1.886,15,0.047218,2.014239979188659,2024
RSG,2024-03-21,2024-03-21,189.12,188.66,182.04,195.28,181.13,2024-04-30,195.28,Profit Target,27,0.032572,True,0.771,1.699,15,0.036366,6.188114798198696,2024
SNA,2024-01-29,2024-01-29,291.85,291.0,277.61,304.39,276.22,2024-02-08,276.22,Stop Loss,8,-0.053548,False,0.802,1.572,30,0.048233,-4.206947104540815,2024
SNA,2024-10-14,2024-10-14,296.6,292.62,278.75,306.49,277.36,2024-10-17,306.49,Profit Target,3,0.033345,True,0.514,1.55,21,0.049758,2.6073035104391185,2024
SO,2024-09-03,2024-09-03,88.91,87.86,84.88,90.84,84.46,2024-09-24,90.84,Profit Target,15,0.021707,True,0.433,1.601,19,0.035108,10.69109748510062,2024
SPG,2024-05-07,2024-05-07,147.95,145.45,139.25,151.65,138.55,2024-05-15,151.65,Profit Target,6,0.025008,True,0.394,2.113,15,0.044524,-1.681409253684052,2024
STE,2024-02-06,2024-02-06,225.92,224.36,213.91,234.81,212.84,2024-02-08,212.84,Stop Loss,2,-0.057895,False,0.68,1.602,15,0.048852,-1.3130599387453534,2024
STZ,2024-01-05,2024-01-05,247.53,245.05,233.77,256.33,232.6,2024-01-11,256.33,Profit Target,4,0.035551,True,0.589,2.394,19,0.048253,-3.6733550368968304,2024
SW,2024-03-28,2024-03-28,44.85,44.55,42.68,46.42,42.47,2024-04-01,46.42,Profit Target,1,0.035006,True,0.659,5.0,18,0.043814,6.230550787699474,2024
TFC,2024-10-11,2024-10-11,43.26,42.91,41.08,44.74,40.87,2024-10-16,44.74,Profit Target,3,0.034212,True,0.62,2.209,15,0.044547,-3.5678147923386527,2024
TJX,2024-02-28,2024-02-28,101.1,100.74,96.04,105.44,95.56,2024-04-11,95.56,Stop Loss,30,-0.054799,False,0.783,1.58,15,0.048938,3.2721990150355484,2024
TMUS,2024-03-05,2024-03-05,165.9,165.79,159.22,172.36,158.42,2024-05-01,165.47,Time Exit,40,-0.002592,False,0.864,2.28,30,0.041264,-4.581103781647888,2024
TROW,2024-01-11,2024-01-11,109.26,109.19,105.02,113.36,104.49,2024-02-08,113.36,Profit Target,19,0.037525,True,0.86,2.313,17,0.039707,-0.8029276157081933,2024
V,2024-12-17,2024-12-17,318.3,317.56,302.82,332.3,301.31,2025-01-27,332.3,Profit Target,25,0.043984,True,0.824,1.565,28,0.048676,10.91288878771628,2024
VRTX,2024-05-07,2024-05-07,410.24,409.93,391.01,428.85,389.05,2024-05-13,428.85,Profit Target,4,0.045364,True,0.878,1.525,22,0.048387,-5.206422500676366,2024
VTR,2024-06-28,2024-06-28,51.26,50.9,49.04,52.76,48.79,2024-07-11,52.76,Profit Target,8,0.029263,True,0.608,1.816,19,0.037928,14.088107311471765,2024
VTR,2024-07-02,2024-07-02,51.79,51.26,49.04,53.48,48.79,2024-07-17,53.48,Profit Target,10,0.032632,True,0.564,1.902,21,0.045269,13.245462896765714,2024
VZ,2024-05-31,2024-05-31,41.15,40.91,39.0,42.82,38.8,2024-07-22,38.8,Stop Loss,34,-0.056987,False,0.712,2.649,18,0.048974,1.6584257907208855,2024
WELL,2024-05-31,2024-05-31,103.67,102.66,97.88,107.44,97.39,2024-07-18,107.44,Profit Target,32,0.036366,True,0.6,3.271,15,0.048835,10.196072822142144,2024
WFC,2024-04-18,2024-04-18,58.74,58.08,55.34,60.82,55.06,2024-04-19,60.82,Profit Target,1,0.03541,True,0.566,1.505,18,0.049512,15.779588101374298,2024
WM,2024-10-29,2024-10-29,219.11,216.01,206.16,225.86,205.13,2024-11-08,225.86,Profit Target,8,0.030806,True,0.483,2.913,15,0.047778,-3.5565994612154705,2024
WMB,2024-07-19,2024-07-19,44.0,43.8,41.87,45.73,41.66,2024-08-05,41.66,Stop Loss,11,-0.053167,False,0.74,1.586,19,0.046095,3.4792111868444664,2024
WMT,2024-07-05,2024-07-05,70.04,69.04,65.9,72.18,65.57,2024-08-15,72.18,Profit Target,29,0.030554,True,0.479,1.507,17,0.047648,7.657997143993578,2024
WTW,2024-06-20,2024-06-20,259.94,258.41,248.09,268.73,246.85,2024-07-17,268.73,Profit Target,18,0.033816,True,0.671,2.156,30,0.041598,-10.613428197186792,2024
WTW,2024-06-21,2024-06-21,262.41,260.66,248.57,272.75,247.33,2024-07-25,272.75,Profit Target,23,0.039404,True,0.686,2.041,15,0.048638,-8.975335398498085,2024
WTW,2024-10-01,2024-10-01,300.58,296.45,283.29,309.61,281.87,2024-11-06,309.61,Profit Target,26,0.030042,True,0.483,1.619,24,0.046454,14.49976835893012,2024
WTW,2024-10-31,2024-10-31,302.19,300.27,286.35,314.19,284.92,2024-11-06,314.19,Profit Target,4,0.03971,True,0.695,2.081,20,0.048612,1.573582192054901,2024
WTW,2024-11-27,2024-11-27,320.86,320.77,307.14,334.4,305.6,2024-12-04,334.4,Profit Target,4,0.042199,True,0.888,1.596,15,0.044377,0.30323460065935226,2024
ZTS,2024-09-06,2024-09-06,189.23,189.04,180.18,197.9,179.28,2024-09-18,197.9,Profit Target,8,0.045817,True,0.871,1.709,18,0.049173,7.793471268720021,2024
ABT,2025-01-21,2025-01-21,116.79,116.39,110.86,121.92,110.31,2025-01-23,121.92,Profit Target,2,0.043925,True,0.791,1.686,29,0.049883,-4.523733959564524,2025
ABT,2025-06-24,2025-06-24,138.08,137.06,130.82,143.3,130.17,2025-07-17,130.17,Stop Loss,16,-0.057315,False,0.66,1.78,19,0.047699,-3.6502753328968796,2025
AIG,2025-05-30,2025-05-30,84.64,84.59,81.13,88.05,80.72,2025-07-16,80.72,Stop Loss,31,-0.046262,False,0.871,2.264,18,0.042648,1.2213916825947413,2025
ATO,2025-08-07,2025-08-07,162.72,160.58,153.84,167.32,153.07,2025-08-14,167.32,Profit Target,5,0.028269,True,0.477,2.87,16,0.043812,-1.8419171420932967,2025
AVB,2025-02-28,2025-02-28,226.18,225.58,214.94,236.22,213.87,2025-03-11,213.87,Stop Loss,7,-0.054446,False,0.815,1.513,20,0.049502,-0.4362070095765058,2025
AZO,2025-02-28,2025-02-28,3493.01,3484.42,3359.5,3609.34,3342.7,2025-03-06,3609.34,Profit Target,4,0.033304,True,0.774,1.662,17,0.037184,11.425194546009731,2025
BAC,2025-06-20,2025-06-20,45.5,45.41,43.3,47.52,43.08,2025-06-26,47.52,Profit Target,4,0.044396,True,0.836,1.766,17,0.04873,1.7405640018970159,2025
CAH,2025-06-12,2025-06-12,160.52,157.82,150.76,164.88,150.01,2025-06-17,164.88,Profit Target,3,0.027162,True,0.415,1.655,18,0.046829,15.038545357810307,2025
CCEP,2025-07-03,2025-07-03,96.52,94.74,90.49,98.99,90.04,2025-07-22,98.99,Profit Target,12,0.025591,True,0.381,1.54,20,0.046967,-8.017283778780904,2025
CCI,2025-06-23,2025-06-23,102.53,101.89,97.89,105.89,97.4,2025-07-21,105.89,Profit Target,19,0.032771,True,0.655,1.74,20,0.040862,-5.890112664982161,2025
CINF,2025-07-29,2025-07-29,152.42,152.02,145.0,159.04,144.28,2025-08-01,144.28,Stop Loss,3,-0.053438,False,0.813,2.137,17,0.048414,-5.92940068193657,2025
CSCO,2025-10-08,2025-10-08,70.33,69.49,66.35,72.63,66.02,2025-10-28,72.63,Profit Target,14,0.032703,True,0.533,1.779,17,0.047325,-3.438531782292964,2025
CTAS,2025-02-19,2025-02-19,208.14,207.22,198.42,216.02,197.43,2025-03-11,197.43,Stop Loss,14,-0.051466,False,0.736,1.587,15,0.04435,-8.648760620870256,2025
EA,2025-12-01,2025-12-01,202.62,202.24,199.74,204.74,198.74,2025-12-24,204.74,Profit Target,17,0.010463,True,0.547,1.737,30,0.012516,15.718437614659475,2025
ED,2025-02-21,2025-02-21,98.26,96.83,92.29,101.37,91.83,2025-02-25,101.37,Profit Target,2,0.031651,True,0.484,1.742,17,0.049193,-0.8455647367864194,2025
EW,2025-07-25,2025-07-25,80.0,78.9,75.3,82.5,74.92,2025-09-03,82.5,Profit Target,27,0.03125,True,0.492,3.864,21,0.047809,-8.913711210774377,2025
FE,2025-09-26,2025-09-26,45.43,44.58,42.73,46.43,42.52,2025-10-07,46.43,Profit Target,7,0.022012,True,0.343,2.49,30,0.043295,8.083124831576939,2025
GD,2025-06-13,2025-06-13,283.0,280.0,268.1,291.9,266.76,2025-06-26,291.9,Profit Target,8,0.031449,True,0.548,1.687,15,0.044386,0.9389373720085858,2025
GD,2025-09-29,2025-09-29,332.17,330.63,315.84,345.42,314.26,2025-10-06,345.42,Profit Target,5,0.039889,True,0.74,1.614,27,0.046828,5.8058731748072745,2025
GE,2025-10-21,2025-10-21,306.63,305.43,291.49,319.37,290.03,2025-11-21,290.03,Stop Loss,23,-0.054129,False,0.768,1.929,15,0.047823,7.7647392799292,2025
GL,2025-09-19,2025-09-19,145.43,144.51,137.9,151.12,137.21,2025-10-06,137.21,Stop Loss,11,-0.056519,False,0.692,3.097,20,0.047933,9.726570915954525,2025
GPC,2025-09-04,2025-09-04,141.25,140.81,134.65,146.97,133.98,2025-10-08,133.98,Stop Loss,24,-0.051492,False,0.786,3.76,15,0.045748,3.9906410057881647,2025
GRMN,2025-08-28,2025-08-28,241.05,237.04,226.04,248.04,224.91,2025-10-01,248.04,Profit Target,23,0.028998,True,0.433,2.157,16,0.048664,8.722073019771127,2025
ICE,2025-07-30,2025-07-30,185.74,185.3,177.47,193.13,176.58,2025-08-28,176.58,Stop Loss,21,-0.049302,False,0.807,1.769,30,0.04412,-5.831324522416836,2025
ICE,2025-08-04,2025-08-04,188.45,187.38,178.46,196.3,177.57,2025-08-19,177.57,Stop Loss,11,-0.057746,False,0.721,1.626,28,0.049983,-4.9109531464180955,2025
MCD,2025-08-06,2025-08-06,307.66,306.35,294.41,318.29,292.94,2025-09-04,318.29,Profit Target,20,0.034551,True,0.722,1.794,19,0.040556,-9.906199958615824,2025
MDLZ,2025-07-01,2025-07-01,68.96,68.8,65.66,71.94,65.33,2025-07-30,65.33,Stop Loss,20,-0.052614,False,0.821,1.823,24,0.047822,-18.242776570614836,2025
MSI,2025-09-02,2025-09-02,479.0,474.2,451.63,496.77,449.37,2025-10-02,449.37,Stop Loss,22,-0.061854,False,0.6,1.507,15,0.049975,7.750393432862679,2025
NWSA,2025-02-05,2025-02-05,28.78,28.66,27.38,29.94,27.24,2025-02-14,29.94,Profit Target,7,0.040306,True,0.755,1.576,15,0.046749,-2.748726515413047,2025
O,2025-07-14,2025-07-14,58.7,58.45,55.86,61.04,55.58,2025-09-09,59.49,Time Exit,40,0.013458,True,0.75,2.347,23,0.046366,-16.3471587565883,2025
PPL,2025-01-16,2025-01-16,33.17,32.78,31.22,34.34,31.06,2025-02-11,34.34,Profit Target,17,0.035273,True,0.556,1.749,21,0.049968,-0.028118292940559897,2025
PPL,2025-07-15,2025-07-15,35.35,34.84,33.21,36.47,33.04,2025-07-21,36.47,Profit Target,4,0.031683,True,0.486,5.616,30,0.049082,-19.22129553778221,2025
PSKY,2025-06-20,2025-06-20,12.35,12.29,11.74,12.84,11.68,2025-06-30,12.84,Profit Target,6,0.039676,True,0.733,4.076,21,0.046848,-0.38665354449665124,2025
ROL,2025-07-24,2025-07-24,58.03,57.54,54.81,60.27,54.54,2025-09-19,55.51,Time Exit,40,-0.043426,False,0.641,2.175,20,0.049808,-11.450489942871279,2025
ROP,2025-02-25,2025-02-25,587.34,584.43,561.6,607.26,558.79,2025-04-04,558.79,Stop Loss,28,-0.048606,False,0.698,1.513,17,0.040652,5.5965412058600394,2025
SNA,2025-09-15,2025-09-15,339.72,335.0,319.2,350.8,317.6,2025-10-16,350.8,Profit Target,23,0.032615,True,0.501,2.085,26,0.049499,-0.11602926326725882,2025
SPG,2025-02-05,2025-02-05,179.11,177.41,169.84,184.98,168.99,2025-02-13,184.98,Profit Target,6,0.032773,True,0.58,1.544,23,0.044571,0.4662325109047405,2025
SYK,2025-06-25,2025-06-25,392.23,388.69,370.85,406.53,369.0,2025-08-21,384.83,Time Exit,40,-0.018867,False,0.615,1.731,23,0.048106,-3.1651413144459406,2025
V,2025-02-28,2025-02-28,362.71,360.31,345.25,375.37,343.52,2025-03-06,343.52,Stop Loss,4,-0.052897,False,0.66,2.669,16,0.043621,16.111558809587954,2025
VLTO,2025-07-29,2025-07-29,105.03,104.08,99.41,108.75,98.91,2025-08-12,108.75,Profit Target,10,0.035418,True,0.608,1.938,23,0.046977,-2.1417242371478906,2025
VRSN,2025-06-27,2025-06-27,287.68,285.51,273.8,297.22,272.43,2025-07-25,297.22,Profit Target,19,0.033162,True,0.626,1.509,16,0.042769,3.6687502331786526,2025
WM,2025-02-28,2025-02-28,232.78,232.44,221.69,243.19,220.58,2025-04-07,220.58,Stop Loss,26,-0.052403,False,0.853,1.535,17,0.048491,4.968161971004504,2025
WM,2025-07-29,2025-07-29,235.56,231.68,222.15,241.21,221.04,2025-09-05,221.04,Stop Loss,27,-0.061644,False,0.389,2.314,22,0.042899,-11.393761252085067,2025
XYL,2025-10-28,2025-10-28,150.5,150.47,143.61,157.33,142.89,2025-11-14,142.89,Stop Loss,13,-0.050552,False,0.898,2.064,15,0.047768,-4.611974300498578,2025
