ticker,signal_date,setup,entry_price,stop_price,target_price,exit_date,exit_price,exit_reason,days_held,pnl,win,relative_strength,year
DVN,2020-12-30,pullback,16.14,15.82,17.27,2020-12-31,15.82,Stop Loss,1,-0.02,False,54.813728952633035,2020
CB,2020-12-31,pullback,153.92,150.84,164.69,2021-01-04,150.84,Stop Loss,1,-0.02,False,19.50563492715829,2020
KLAC,2021-01-04,pullback,260.33,255.12,278.55,2021-01-07,278.55,Profit Target,3,0.07,True,18.676896350270987,2021
SLB,2021-01-05,pullback,23.13,22.67,24.75,2021-01-06,24.75,Profit Target,1,0.07,True,35.45606185219654,2021
AIG,2021-01-06,pullback,40.21,39.41,43.02,2021-01-21,41.05,Time Exit,10,0.02089,True,26.016515209147585,2021
TDG,2021-01-07,pullback,605.18,593.08,647.54,2021-01-15,593.08,Stop Loss,6,-0.02,False,19.565549466096254,2021
AXON,2021-01-08,pullback,125.36,122.85,134.14,2021-01-12,134.14,Profit Target,2,0.07,True,14.02529627364033,2021
PFE,2021-01-11,pullback,37.77,37.01,40.41,2021-01-12,37.01,Stop Loss,1,-0.02,False,-0.05739439143463976,2021
PLTR,2021-01-12,pullback,26.18,25.66,28.01,2021-01-13,25.66,Stop Loss,1,-0.02,False,160.55448685182344,2021
REG,2021-01-13,pullback,46.37,45.44,49.62,2021-01-28,47.68,Time Exit,10,0.028251,True,14.277861480057009,2021
NCLH,2021-01-14,pullback,26.42,25.89,28.27,2021-01-15,25.89,Stop Loss,1,-0.02,False,44.46775880899385,2021
CBRE,2021-01-15,pullback,63.52,62.25,67.97,2021-01-27,62.25,Stop Loss,7,-0.02,False,25.385499261652477,2021
PDD,2021-01-19,pullback,168.79,165.41,180.61,2021-01-20,180.61,Profit Target,1,0.07,True,82.43160903452866,2021
DVA,2021-01-20,pullback,120.32,117.91,128.74,2021-01-26,117.91,Stop Loss,4,-0.02,False,21.125703759910387,2021
HAS,2021-01-21,pullback,97.0,95.06,103.79,2021-01-26,95.06,Stop Loss,3,-0.02,False,3.0920745424689366,2021
WDAY,2021-01-22,pullback,235.53,230.82,252.02,2021-01-25,230.82,Stop Loss,1,-0.02,False,-3.2310381931357934,2021
HCA,2021-01-25,pullback,168.43,165.06,180.22,2021-01-26,165.06,Stop Loss,1,-0.02,False,15.42081706646654,2021
WDC,2021-01-26,pullback,39.35,38.56,42.1,2021-01-27,38.56,Stop Loss,1,-0.02,False,20.297513229707896,2021
VLO,2021-01-27,pullback,58.73,57.56,62.84,2021-01-28,57.56,Stop Loss,1,-0.02,False,37.451084367865775,2021
INTC,2021-01-28,pullback,56.07,54.95,59.99,2021-02-11,59.99,Profit Target,10,0.07,True,11.74934317859455,2021
SW,2021-01-29,pullback,49.01,48.03,52.44,2021-02-01,48.03,Stop Loss,1,-0.02,False,18.877572977723034,2021
MU,2021-02-01,pullback,80.43,78.82,86.06,2021-02-11,86.06,Profit Target,8,0.07,True,45.27651927924317,2021
CF,2021-02-02,pullback,43.4,42.53,46.44,2021-02-04,42.53,Stop Loss,2,-0.02,False,49.80219115783764,2021
FANG,2021-02-03,pullback,63.58,62.31,68.03,2021-02-08,68.03,Profit Target,3,0.07,True,147.94258500570325,2021
CRWD,2021-02-04,pullback,224.01,219.53,239.69,2021-02-08,219.53,Stop Loss,2,-0.02,False,68.09211221183469,2021
TTWO,2021-02-05,pullback,207.49,203.34,222.01,2021-02-09,203.34,Stop Loss,2,-0.02,False,24.44936851870356,2021
APA,2021-02-08,pullback,17.84,17.48,19.09,2021-02-09,17.48,Stop Loss,1,-0.02,False,69.80872696992282,2021
KEYS,2021-02-09,pullback,146.4,143.47,156.65,2021-02-19,143.47,Stop Loss,7,-0.02,False,17.91184301601938,2021
FOXA,2021-02-10,pullback,31.78,31.14,34.0,2021-02-22,34.0,Profit Target,7,0.07,True,10.386229376498823,2021
KLAC,2021-02-11,pullback,324.48,317.99,347.19,2021-02-22,317.99,Stop Loss,6,-0.02,False,26.4433987148327,2021
LLY,2021-02-12,pullback,207.29,203.14,221.8,2021-02-18,203.14,Stop Loss,3,-0.02,False,37.92678931973761,2021
CME,2021-02-16,pullback,189.41,185.62,202.67,2021-02-24,202.67,Profit Target,6,0.07,True,4.143810654517788,2021
AMZN,2021-02-17,pullback,165.43,162.12,177.01,2021-02-22,162.12,Stop Loss,3,-0.02,False,-3.5260027152868023,2021
MELI,2021-02-18,pullback,1891.09,1853.27,2023.47,2021-02-22,1853.27,Stop Loss,2,-0.02,False,23.498484289062873,2021
AXON,2021-02-19,pullback,177.0,173.46,189.39,2021-02-22,173.46,Stop Loss,1,-0.02,False,30.80943736980666,2021
BLDR,2021-02-22,pullback,41.38,40.55,44.28,2021-02-23,40.55,Stop Loss,1,-0.02,False,5.011207309396615,2021
LLY,2021-02-24,pullback,204.52,200.43,218.84,2021-03-03,200.43,Stop Loss,5,-0.02,False,30.987275501197153,2021
TEL,2021-02-26,pullback,130.03,127.43,139.13,2021-03-04,127.43,Stop Loss,4,-0.02,False,9.50681535928981,2021
TER,2021-03-01,pullback,134.0,131.32,143.38,2021-03-02,131.32,Stop Loss,1,-0.02,False,11.371760069500247,2021
GM,2021-03-02,pullback,54.11,53.03,57.9,2021-03-03,53.03,Stop Loss,1,-0.02,False,17.312949227904205,2021
LII,2021-03-03,pullback,288.6,282.83,308.8,2021-03-04,282.83,Stop Loss,1,-0.02,False,1.4369224191938645,2021
EVRG,2021-03-04,pullback,54.82,53.72,58.66,2021-03-15,58.66,Profit Target,7,0.07,True,-2.606097738586022,2021
DIS,2021-03-05,pullback,189.99,186.19,203.29,2021-03-19,191.14,Time Exit,10,0.006053,True,19.9586856410265,2021
NRG,2021-03-08,pullback,41.63,40.8,44.54,2021-03-10,40.8,Stop Loss,2,-0.02,False,19.07582342551024,2021
FTNT,2021-03-09,pullback,35.15,34.45,37.61,2021-03-12,37.61,Profit Target,3,0.07,True,32.2203981263056,2021
TSCO,2021-03-10,pullback,33.5,32.83,35.84,2021-03-24,33.81,Time Exit,10,0.009374,True,14.436421192488247,2021
FCX,2021-03-11,pullback,37.47,36.72,40.09,2021-03-12,36.72,Stop Loss,1,-0.02,False,49.52002263722313,2021
RJF,2021-03-12,pullback,79.83,78.24,85.42,2021-03-23,78.24,Stop Loss,7,-0.02,False,21.467716875572762,2021
NXPI,2021-03-15,pullback,199.91,195.91,213.9,2021-03-19,195.91,Stop Loss,4,-0.02,False,20.0158982169671,2021
AMAT,2021-03-16,pullback,118.5,116.13,126.8,2021-03-17,116.13,Stop Loss,1,-0.02,False,29.069766880776626,2021
OXY,2021-03-17,pullback,29.04,28.46,31.07,2021-03-18,28.46,Stop Loss,1,-0.02,False,49.19740617990709,2021
MTB,2021-03-18,pullback,155.38,152.27,166.26,2021-03-19,152.27,Stop Loss,1,-0.02,False,18.845117996911533,2021
RCL,2021-03-19,pullback,90.72,88.91,97.07,2021-03-22,88.91,Stop Loss,1,-0.02,False,24.120502103060403,2021
PSA,2021-03-23,pullback,242.9,238.04,259.9,2021-03-25,238.04,Stop Loss,2,-0.02,False,0.5838315618795997,2021
LH,2021-03-24,pullback,215.14,210.83,230.2,2021-03-25,210.83,Stop Loss,1,-0.02,False,19.52753082144103,2021
URI,2021-03-25,pullback,314.24,307.96,336.24,2021-03-30,336.24,Profit Target,3,0.07,True,33.86983770770653,2021
HPQ,2021-03-26,pullback,31.66,31.03,33.88,2021-03-29,31.03,Stop Loss,1,-0.02,False,23.731818216798416,2021
IVZ,2021-03-30,pullback,24.89,24.39,26.63,2021-04-12,26.63,Profit Target,8,0.07,True,39.80983382630847,2021
EQT,2021-03-31,pullback,18.58,18.21,19.88,2021-04-05,18.21,Stop Loss,2,-0.02,False,25.60362596134116,2021
EOG,2021-04-01,pullback,75.34,73.83,80.61,2021-04-05,73.83,Stop Loss,1,-0.02,False,29.588526493327684,2021
CCL,2021-04-05,pullback,28.11,27.55,30.08,2021-04-07,30.08,Profit Target,2,0.07,True,28.34449286305103,2021
KIM,2021-04-06,pullback,19.4,19.01,20.76,2021-04-20,19.79,Time Exit,10,0.020103,True,19.127188638412008,2021
EOG,2021-04-07,pullback,73.3,71.83,78.43,2021-04-08,71.83,Stop Loss,1,-0.02,False,15.598447067941624,2021
NWS,2021-04-08,pullback,24.7,24.21,26.43,2021-04-13,24.21,Stop Loss,3,-0.02,False,28.83628305853556,2021
SPG,2021-04-09,pullback,115.91,113.59,124.02,2021-04-12,113.59,Stop Loss,1,-0.02,False,22.07975279974348,2021
AVB,2021-04-12,pullback,187.12,183.38,200.22,2021-04-26,194.77,Time Exit,10,0.040883,True,7.825811970397223,2021
BA,2021-04-13,pullback,253.27,248.2,271.0,2021-04-16,248.2,Stop Loss,3,-0.02,False,14.06665236118747,2021
TPL,2021-04-14,pullback,179.22,175.64,191.77,2021-04-15,175.64,Stop Loss,1,-0.02,False,81.35944536005601,2021
SPG,2021-04-15,pullback,114.57,112.28,122.59,2021-04-27,122.59,Profit Target,8,0.07,True,11.902465615463885,2021
EXPE,2021-04-16,pullback,173.91,170.43,186.08,2021-04-20,170.43,Stop Loss,2,-0.02,False,16.62961987720046,2021
FOX,2021-04-19,pullback,36.59,35.86,39.15,2021-05-03,35.86,Stop Loss,10,-0.02,False,16.99319784169624,2021
FOXA,2021-04-20,pullback,37.8,37.04,40.45,2021-05-03,37.04,Stop Loss,9,-0.02,False,10.566667816949282,2021
NSC,2021-04-21,breakout,280.46,265.7,289.7,2021-05-05,289.7,Profit Target,10,0.032946,True,9.384940552216081,2021
DRI,2021-04-22,pullback,145.09,142.19,155.25,2021-04-26,142.19,Stop Loss,2,-0.02,False,19.317174279635687,2021
STLD,2021-04-23,pullback,51.89,50.85,55.52,2021-04-28,55.52,Profit Target,3,0.07,True,37.22578465299258,2021
CCL,2021-04-26,pullback,27.55,27.0,29.48,2021-04-30,27.0,Stop Loss,4,-0.02,False,34.71671840934074,2021
LUV,2021-04-27,pullback,62.4,61.15,66.77,2021-05-04,61.15,Stop Loss,5,-0.02,False,28.34214875819292,2021
CAT,2021-04-28,pullback,232.3,227.65,248.56,2021-04-29,227.65,Stop Loss,1,-0.02,False,11.279439155300386,2021
HSY,2021-04-29,breakout,164.22,155.5,171.7,2021-05-11,171.7,Profit Target,8,0.045549,True,2.027838711684593,2021
LUV,2021-04-30,pullback,62.78,61.52,67.17,2021-05-04,61.52,Stop Loss,2,-0.02,False,19.727810002519064,2021
TRI,2021-05-03,breakout,97.09,92.58,100.5,2021-05-04,100.5,Profit Target,1,0.03508,True,3.16781976296594,2021
URI,2021-05-04,pullback,329.95,323.35,353.05,2021-05-10,353.05,Profit Target,4,0.07,True,14.772610012885568,2021
GLW,2021-05-05,pullback,45.41,44.5,48.59,2021-05-11,44.5,Stop Loss,4,-0.02,False,18.458839013015105,2021
HPE,2021-05-06,pullback,16.37,16.04,17.52,2021-05-11,16.04,Stop Loss,3,-0.02,False,9.83180157098429,2021
NWSA,2021-05-07,pullback,27.44,26.89,29.36,2021-05-11,26.89,Stop Loss,2,-0.02,False,11.058008026808075,2021
D,2021-05-10,pullback,79.46,77.87,85.02,2021-05-12,77.87,Stop Loss,2,-0.02,False,4.117170977914464,2021
EME,2021-05-13,pullback,123.18,120.72,131.8,2021-05-19,120.72,Stop Loss,4,-0.02,False,31.22478359291536,2021
STX,2021-05-14,pullback,97.97,96.01,104.83,2021-05-17,104.83,Profit Target,1,0.07,True,27.14142895778806,2021
CARR,2021-05-17,pullback,44.17,43.29,47.26,2021-05-19,43.29,Stop Loss,2,-0.02,False,11.057044104823355,2021
YUM,2021-05-18,pullback,119.29,116.9,127.64,2021-06-02,119.24,Time Exit,10,-0.000419,False,7.682390580654608,2021
IQV,2021-05-19,pullback,232.7,228.05,248.99,2021-06-03,233.34,Time Exit,10,0.00275,True,14.712012479285107,2021
POOL,2021-05-20,pullback,429.73,421.14,459.81,2021-06-04,438.04,Time Exit,10,0.019338,True,24.42925729815537,2021
EFX,2021-05-21,pullback,237.13,232.39,253.73,2021-05-26,232.39,Stop Loss,3,-0.02,False,37.393657302519976,2021
ALLE,2021-05-24,pullback,138.73,135.96,148.44,2021-06-08,139.0,Time Exit,10,0.001946,True,16.6033799511776,2021
FER,2021-05-25,pullback,29.78,29.18,31.86,2021-06-09,30.7,Time Exit,10,0.031052,True,9.448382216570872,2021
UPS,2021-05-26,pullback,213.81,209.53,228.78,2021-06-04,209.53,Stop Loss,6,-0.02,False,23.402076774323067,2021
STLD,2021-05-27,pullback,61.96,60.72,66.3,2021-06-08,66.3,Profit Target,7,0.07,True,32.086656313505976,2021
PSA,2021-05-28,breakout,282.48,268.2,294.09,2021-06-08,294.09,Profit Target,6,0.0411,True,10.687771939909197,2021
EQT,2021-06-01,pullback,21.77,21.33,23.29,2021-06-03,21.33,Stop Loss,2,-0.02,False,15.389181738265112,2021
WM,2021-06-02,pullback,141.12,138.3,151.0,2021-06-16,139.82,Time Exit,10,-0.009212,False,9.428602517849182,2021
SJM,2021-06-03,breakout,137.88,131.41,143.67,2021-06-18,131.41,Stop Loss,11,-0.046927,False,6.391848616767715,2021
WFC,2021-06-04,pullback,46.96,46.02,50.25,2021-06-09,46.02,Stop Loss,3,-0.02,False,13.394900973294167,2021
DUK,2021-06-07,pullback,101.86,99.82,108.99,2021-06-18,99.82,Stop Loss,9,-0.02,False,4.305692010481632,2021
ALLE,2021-06-08,pullback,139.0,136.22,148.73,2021-06-17,136.22,Stop Loss,7,-0.02,False,11.14090959539844,2021
IQV,2021-06-09,pullback,239.38,234.59,256.14,2021-06-23,242.31,Time Exit,10,0.01224,True,19.893796925329088,2021
MTD,2021-06-10,pullback,1300.39,1274.38,1391.42,2021-06-24,1355.41,Time Exit,10,0.04231,True,12.446039247895468,2021
NI,2021-06-11,breakout,26.01,24.72,27.14,2021-06-24,24.72,Stop Loss,9,-0.049758,False,1.9660241685011792,2021
CPRT,2021-06-14,pullback,31.42,30.79,33.62,2021-06-28,33.4,Time Exit,10,0.063097,True,8.712081440877695,2021
POOL,2021-06-15,pullback,434.41,425.72,464.82,2021-06-29,464.82,Profit Target,10,0.07,True,21.0811112009343,2021
NCLH,2021-06-16,pullback,31.68,31.05,33.9,2021-06-17,31.05,Stop Loss,1,-0.02,False,10.725475417259922,2021
EFX,2021-06-17,pullback,234.25,229.56,250.65,2021-07-01,241.17,Time Exit,10,0.029541,True,25.420089320163797,2021
TRI,2021-06-21,pullback,102.25,100.21,109.41,2021-07-06,103.41,Time Exit,10,0.011272,True,4.957253854217281,2021
EXPD,2021-06-22,pullback,125.71,123.2,134.51,2021-07-07,129.15,Time Exit,10,0.027365,True,9.0632841228947,2021
F,2021-06-23,pullback,15.42,15.11,16.5,2021-06-28,15.11,Stop Loss,3,-0.02,False,16.69549854618704,2021
DVN,2021-06-24,pullback,29.74,29.15,31.82,2021-06-28,29.15,Stop Loss,2,-0.02,False,28.85072895590406,2021
MSI,2021-06-25,breakout,215.62,205.15,224.04,2021-07-07,224.04,Profit Target,7,0.03905,True,7.982181315725589,2021
GS,2021-06-29,pullback,372.62,365.17,398.7,2021-07-07,365.17,Stop Loss,5,-0.02,False,8.616460420255102,2021
EQT,2021-06-30,pullback,22.26,21.81,23.82,2021-07-01,21.81,Stop Loss,1,-0.02,False,17.975314816356168,2021
AKAM,2021-07-01,pullback,117.08,114.74,125.28,2021-07-16,117.03,Time Exit,10,-0.000427,False,6.793075674447868,2021
CPT,2021-07-02,pullback,134.23,131.55,143.63,2021-07-16,143.63,Profit Target,9,0.07,True,14.093800528221156,2021
GEN,2021-07-06,pullback,27.73,27.18,29.67,2021-07-08,27.18,Stop Loss,2,-0.02,False,19.737914130017554,2021
HSY,2021-07-07,breakout,176.57,168.64,182.23,2021-07-20,182.23,Profit Target,9,0.032055,True,5.944374402150321,2021
CNP,2021-07-08,pullback,25.26,24.75,27.03,2021-07-13,24.75,Stop Loss,3,-0.02,False,1.8052857396287258,2021
GEN,2021-07-09,pullback,27.66,27.11,29.6,2021-07-14,27.11,Stop Loss,3,-0.02,False,24.16593185981668,2021
DVN,2021-07-12,pullback,28.7,28.13,30.71,2021-07-14,28.13,Stop Loss,2,-0.02,False,26.419996520496692,2021
KO,2021-07-14,breakout,56.26,53.28,58.87,2021-09-09,55.86,Time Exit,40,-0.00711,False,-1.9815930350811861,2021
IQV,2021-07-15,pullback,246.5,241.57,263.75,2021-07-19,241.57,Stop Loss,2,-0.02,False,8.067450315995206,2021
ALNY,2021-07-16,pullback,177.54,173.99,189.97,2021-07-19,173.99,Stop Loss,1,-0.02,False,24.241331966511282,2021
ZS,2021-07-19,pullback,223.01,218.55,238.62,2021-07-23,238.62,Profit Target,4,0.07,True,15.238432469311402,2021
SHOP,2021-07-20,pullback,152.48,149.43,163.15,2021-07-23,163.15,Profit Target,3,0.07,True,27.549442010850434,2021
APTV,2021-07-21,pullback,156.05,152.93,166.97,2021-07-29,166.97,Profit Target,6,0.07,True,2.287451740877944,2021
CRWD,2021-07-22,pullback,263.04,257.78,281.45,2021-07-27,257.78,Stop Loss,3,-0.02,False,15.106562005276691,2021
EXR,2021-07-23,pullback,171.41,167.98,183.41,2021-08-06,175.51,Time Exit,10,0.023919,True,12.015737641479273,2021
CIEN,2021-07-26,pullback,56.61,55.48,60.57,2021-08-09,56.86,Time Exit,10,0.004416,True,6.481480917146465,2021
MRK,2021-07-27,pullback,77.85,76.29,83.3,2021-08-02,76.29,Stop Loss,4,-0.02,False,2.403220973031406,2021
CRWD,2021-07-28,pullback,263.58,258.31,282.03,2021-07-30,258.31,Stop Loss,2,-0.02,False,27.678122832285702,2021
NVDA,2021-07-29,pullback,19.66,19.27,21.04,2021-07-30,19.27,Stop Loss,1,-0.02,False,30.000041178581416,2021
PG,2021-07-30,breakout,142.23,134.68,148.6,2021-09-27,141.66,Time Exit,40,-0.004008,False,0.6075647888331703,2021
SHOP,2021-08-02,pullback,153.87,150.79,164.64,2021-08-03,150.79,Stop Loss,1,-0.02,False,35.129142606241956,2021
REGN,2021-08-03,pullback,586.51,574.78,627.57,2021-08-05,574.78,Stop Loss,2,-0.02,False,11.202160017834629,2021
DASH,2021-08-04,pullback,178.52,174.95,191.02,2021-08-10,191.02,Profit Target,4,0.07,True,37.3634432087687,2021
VTR,2021-08-05,pullback,59.98,58.78,64.18,2021-08-06,58.78,Stop Loss,1,-0.02,False,5.9820213466760475,2021
AXP,2021-08-06,pullback,171.36,167.93,183.36,2021-08-13,167.93,Stop Loss,5,-0.02,False,3.3642183221705535,2021
SHOP,2021-08-09,pullback,155.0,151.9,165.85,2021-08-10,151.9,Stop Loss,1,-0.02,False,36.72161844648545,2021
PSA,2021-08-10,pullback,311.0,304.78,332.77,2021-08-24,317.83,Time Exit,10,0.021961,True,5.908478510796544,2021
JKHY,2021-08-11,pullback,173.71,170.24,185.87,2021-08-12,170.24,Stop Loss,1,-0.02,False,3.9023670588356874,2021
NOW,2021-08-12,pullback,116.31,113.99,124.46,2021-08-24,124.46,Profit Target,8,0.07,True,18.158083137422352,2021
MCO,2021-08-13,pullback,380.65,373.04,407.3,2021-08-19,373.04,Stop Loss,4,-0.02,False,9.032131339204842,2021
AXON,2021-08-16,pullback,186.24,182.52,199.28,2021-08-17,182.52,Stop Loss,1,-0.02,False,38.845702194344554,2021
MRNA,2021-08-17,pullback,401.86,393.82,429.99,2021-08-18,393.82,Stop Loss,1,-0.02,False,138.84968859807546,2021
INTU,2021-08-19,breakout,543.44,518.33,564.99,2021-08-25,564.99,Profit Target,4,0.039655,True,17.764343892609745,2021
MSTR,2021-08-20,pullback,71.66,70.22,76.67,2021-08-24,70.22,Stop Loss,2,-0.02,False,39.3560394493925,2021
MRNA,2021-08-23,pullback,411.89,403.65,440.72,2021-08-24,403.65,Stop Loss,1,-0.02,False,116.15088828670324,2021
DASH,2021-08-24,pullback,187.45,183.7,200.57,2021-09-08,200.57,Profit Target,10,0.07,True,18.834415885387656,2021
CPRT,2021-08-25,pullback,35.98,35.26,38.5,2021-09-09,35.26,Stop Loss,10,-0.02,False,8.862734564259567,2021
EQIX,2021-08-26,pullback,824.99,808.49,882.74,2021-09-03,882.74,Profit Target,6,0.07,True,-0.3936124797254026,2021
MSTR,2021-08-27,pullback,70.72,69.31,75.67,2021-08-31,69.31,Stop Loss,2,-0.02,False,39.37089129230438,2021
RVTY,2021-08-30,pullback,187.95,184.19,201.11,2021-08-31,184.19,Stop Loss,1,-0.02,False,29.555741370079012,2021
KDP,2021-08-31,breakout,35.67,33.79,37.08,2021-09-27,33.79,Stop Loss,18,-0.0527,False,-5.742303571705509,2021
STE,2021-09-01,pullback,217.19,212.85,232.39,2021-09-09,212.85,Stop Loss,5,-0.02,False,3.9214295969547397,2021
FSLR,2021-09-02,pullback,94.87,92.97,101.51,2021-09-08,101.51,Profit Target,3,0.07,True,11.01467135095806,2021
MRNA,2021-09-03,pullback,416.7,408.37,445.87,2021-09-09,445.87,Profit Target,3,0.07,True,83.62396940800139,2021
KMB,2021-09-08,breakout,141.49,134.13,147.48,2021-09-20,134.13,Stop Loss,8,-0.052046,False,3.268997482535174,2021
CARR,2021-09-09,pullback,56.73,55.6,60.7,2021-09-13,55.6,Stop Loss,2,-0.02,False,14.568056670503694,2021
IDXX,2021-09-10,pullback,681.61,667.98,729.32,2021-09-13,667.98,Stop Loss,1,-0.02,False,7.249971032580671,2021
ADM,2021-09-13,breakout,61.15,58.15,63.02,2021-09-16,63.02,Profit Target,3,0.030581,True,-6.822596017281679,2021
DHR,2021-09-14,pullback,287.31,281.57,307.43,2021-09-15,281.57,Stop Loss,1,-0.02,False,17.881879413318067,2021
MELI,2021-09-15,pullback,1889.26,1851.47,2021.51,2021-09-20,1851.47,Stop Loss,3,-0.02,False,19.677952168415793,2021
MCD,2021-09-16,breakout,243.21,231.88,251.45,2021-11-01,251.45,Profit Target,32,0.03388,True,-1.5394427755159423,2021
UNH,2021-09-17,pullback,420.16,411.76,449.57,2021-09-20,411.76,Stop Loss,1,-0.02,False,1.5031918861708071,2021
CPT,2021-09-21,pullback,150.15,147.15,160.66,2021-09-28,147.15,Stop Loss,5,-0.02,False,9.962727935207738,2021
MPWR,2021-09-22,pullback,507.93,497.77,543.49,2021-09-28,497.77,Stop Loss,4,-0.02,False,32.21115520816213,2021
FTNT,2021-09-23,pullback,62.11,60.87,66.46,2021-09-27,60.87,Stop Loss,2,-0.02,False,26.84269904713359,2021
GRMN,2021-09-24,pullback,172.62,169.17,184.7,2021-09-27,169.17,Stop Loss,1,-0.02,False,15.028283377519358,2021
EXE,2021-09-27,pullback,62.48,61.23,66.85,2021-09-29,61.23,Stop Loss,2,-0.02,False,12.396565912615841,2021
ULTA,2021-09-29,pullback,378.35,370.78,404.83,2021-09-30,370.78,Stop Loss,1,-0.02,False,11.020495187153113,2021
PWR,2021-10-01,pullback,116.67,114.34,124.84,2021-10-04,114.34,Stop Loss,1,-0.02,False,30.230416449240817,2021
SMCI,2021-10-05,pullback,3.73,3.65,3.99,2021-10-06,3.65,Stop Loss,1,-0.02,False,13.712754266465499,2021
TEAM,2021-10-06,pullback,395.19,387.29,422.85,2021-10-08,387.29,Stop Loss,2,-0.02,False,52.760684145566614,2021
BLDR,2021-10-07,pullback,54.75,53.66,58.58,2021-10-20,58.58,Profit Target,9,0.07,True,29.95627176324316,2021
NTAP,2021-10-08,pullback,91.51,89.68,97.92,2021-10-18,89.68,Stop Loss,6,-0.02,False,16.7642499966838,2021
CBRE,2021-10-11,pullback,97.69,95.74,104.53,2021-10-25,104.53,Profit Target,10,0.07,True,19.006548169721626,2021
TEAM,2021-10-12,pullback,397.47,389.52,425.29,2021-10-22,425.29,Profit Target,8,0.07,True,47.926408850305926,2021
NOW,2021-10-13,pullback,127.88,125.32,136.83,2021-10-19,136.83,Profit Target,4,0.07,True,12.599895467593637,2021
IT,2021-10-14,pullback,310.31,304.1,332.03,2021-10-28,326.84,Time Exit,10,0.053269,True,19.084239421176008,2021
WSM,2021-10-15,pullback,91.13,89.31,97.51,2021-10-29,92.86,Time Exit,10,0.019039,True,14.696912534153906,2021
ABNB,2021-10-18,pullback,172.32,168.87,184.38,2021-10-20,168.87,Stop Loss,2,-0.02,False,19.95308523193502,2021
URI,2021-10-19,pullback,353.44,346.37,378.18,2021-10-29,378.18,Profit Target,8,0.07,True,5.5191817123582565,2021
PWR,2021-10-20,pullback,114.32,112.03,122.32,2021-10-29,122.32,Profit Target,7,0.07,True,24.409301659679294,2021
ABNB,2021-10-21,pullback,170.5,167.09,182.44,2021-10-22,167.09,Stop Loss,1,-0.02,False,15.903603065916428,2021
EQT,2021-10-22,pullback,21.4,20.97,22.9,2021-10-28,20.97,Stop Loss,4,-0.02,False,13.035859266098715,2021
EXE,2021-10-25,pullback,67.75,66.39,72.49,2021-10-27,66.39,Stop Loss,2,-0.02,False,23.006399377410915,2021
ABNB,2021-10-26,pullback,171.14,167.72,183.12,2021-11-05,183.12,Profit Target,8,0.07,True,14.143728472178907,2021
PANW,2021-10-28,pullback,83.07,81.4,88.88,2021-11-04,81.4,Stop Loss,5,-0.02,False,19.72525494517736,2021
KO,2021-10-29,breakout,56.37,53.5,58.45,2021-11-30,53.5,Stop Loss,21,-0.050893,False,-4.264354237372581,2021
FANG,2021-11-01,pullback,111.61,109.38,119.42,2021-11-02,109.38,Stop Loss,1,-0.02,False,40.46552859615631,2021
MTB,2021-11-02,pullback,153.82,150.74,164.59,2021-11-16,160.42,Time Exit,10,0.042907,True,5.521853672116239,2021
VRSK,2021-11-03,pullback,214.29,210.0,229.29,2021-11-17,224.5,Time Exit,10,0.047646,True,7.84644954901792,2021
CRWD,2021-11-04,pullback,279.62,274.03,299.19,2021-11-05,274.03,Stop Loss,1,-0.02,False,8.85222290360903,2021
DELL,2021-11-05,pullback,56.36,55.23,60.31,2021-11-09,55.23,Stop Loss,2,-0.02,False,6.0945159978882835,2021
CRWD,2021-11-08,pullback,282.93,277.27,302.74,2021-11-15,277.27,Stop Loss,5,-0.02,False,15.631415667126781,2021
MPC,2021-11-09,pullback,67.13,65.79,71.83,2021-11-10,65.79,Stop Loss,1,-0.02,False,12.309390295410738,2021
IBKR,2021-11-10,pullback,18.31,17.94,19.59,2021-11-24,19.59,Profit Target,10,0.07,True,13.331186289462348,2021
PANW,2021-11-11,pullback,84.65,82.95,90.57,2021-11-19,90.57,Profit Target,6,0.07,True,34.51457881423228,2021
NFLX,2021-11-12,pullback,68.26,66.9,73.04,2021-11-22,66.9,Stop Loss,6,-0.02,False,19.426066910918305,2021
FANG,2021-11-15,pullback,111.17,108.95,118.95,2021-11-17,108.95,Stop Loss,2,-0.02,False,49.46539597391184,2021
BKR,2021-11-16,pullback,25.22,24.72,26.99,2021-11-17,24.72,Stop Loss,1,-0.02,False,8.897779208712864,2021
TSLA,2021-11-17,pullback,363.0,355.74,388.41,2021-11-22,388.41,Profit Target,3,0.07,True,48.83917678591456,2021
UBER,2021-11-18,pullback,45.0,44.1,48.15,2021-11-19,44.1,Stop Loss,1,-0.02,False,5.5236024392713245,2021
AJG,2021-11-19,pullback,163.41,160.14,174.85,2021-11-26,160.14,Stop Loss,4,-0.02,False,9.528695729182957,2021
CNC,2021-11-22,pullback,74.08,72.6,79.27,2021-11-30,72.6,Stop Loss,5,-0.02,False,13.767501535107662,2021
RF,2021-11-23,pullback,24.59,24.1,26.31,2021-11-26,24.1,Stop Loss,2,-0.02,False,16.679421725189304,2021
DELL,2021-11-24,pullback,57.3,56.15,61.31,2021-11-26,56.15,Stop Loss,1,-0.02,False,12.946157035747575,2021
DG,2021-11-26,pullback,224.42,219.93,240.13,2021-12-02,219.93,Stop Loss,4,-0.02,False,-1.5154494417776387,2021
ED,2021-11-29,breakout,80.35,76.04,83.36,2021-12-13,83.36,Profit Target,10,0.037461,True,2.76538682577836,2021
AMD,2021-12-02,pullback,150.68,147.67,161.23,2021-12-03,147.67,Stop Loss,1,-0.02,False,40.07470363513275,2021
PG,2021-12-03,breakout,149.88,143.3,155.42,2021-12-10,155.42,Profit Target,5,0.036963,True,2.1979643044706343,2021
CVX,2021-12-06,pullback,116.2,113.88,124.33,2021-12-17,113.88,Stop Loss,9,-0.02,False,15.87361487810015,2021
DVN,2021-12-07,pullback,45.12,44.22,48.28,2021-12-09,44.22,Stop Loss,2,-0.02,False,54.17571555068905,2021
LYV,2021-12-08,pullback,110.48,108.27,118.21,2021-12-13,108.27,Stop Loss,3,-0.02,False,22.831862993433873,2021
ANET,2021-12-09,pullback,32.17,31.52,34.42,2021-12-15,34.42,Profit Target,4,0.07,True,36.73511813997352,2021
F,2021-12-10,pullback,21.45,21.02,22.95,2021-12-13,21.02,Stop Loss,1,-0.02,False,51.655554995431444,2021
ODFL,2021-12-13,pullback,179.46,175.87,192.02,2021-12-14,175.87,Stop Loss,1,-0.02,False,15.638177263516372,2021
ON,2021-12-14,pullback,62.98,61.72,67.39,2021-12-15,61.72,Stop Loss,1,-0.02,False,25.23285349428237,2021
STX,2021-12-15,pullback,104.53,102.44,111.85,2021-12-23,111.85,Profit Target,6,0.07,True,18.553579673280307,2021
VRSN,2021-12-17,pullback,242.11,237.27,259.06,2022-01-03,252.11,Time Exit,10,0.041304,True,7.581606465608415,2021
DHI,2021-12-21,pullback,103.49,101.42,110.73,2022-01-05,103.07,Time Exit,10,-0.004058,False,14.859433231143427,2021
F,2021-12-22,pullback,20.14,19.74,21.55,2022-01-03,21.55,Profit Target,7,0.07,True,33.188104099643525,2021
AMD,2021-12-23,pullback,146.14,143.22,156.37,2021-12-28,156.37,Profit Target,2,0.07,True,32.36019677158748,2021
DLTR,2021-12-27,pullback,138.47,135.7,148.16,2022-01-10,135.7,Stop Loss,10,-0.02,False,31.417787947482534,2021
REGN,2021-12-28,pullback,638.46,625.69,683.15,2022-01-03,625.69,Stop Loss,4,-0.02,False,3.698994072944406,2021
HAS,2021-12-29,pullback,99.51,97.52,106.48,2022-01-12,102.71,Time Exit,10,0.032158,True,3.9747048463143253,2021
TTD,2021-12-30,pullback,94.27,92.38,100.87,2021-12-31,92.38,Stop Loss,1,-0.02,False,28.556389837979545,2021
NVDA,2022-01-03,pullback,30.12,29.52,32.23,2022-01-04,29.52,Stop Loss,1,-0.02,False,35.495916361601765,2022
NUE,2022-01-04,pullback,117.07,114.73,125.26,2022-01-05,125.26,Profit Target,1,0.07,True,8.848272435440329,2022
INCY,2022-01-06,pullback,72.63,71.18,77.71,2022-01-21,74.79,Time Exit,10,0.02974,True,5.567680565692323,2022
BDX,2022-01-07,pullback,194.93,191.03,208.58,2022-01-24,199.39,Time Exit,10,0.022861,True,-0.6046830473769971,2022
KLAC,2022-01-10,pullback,418.73,410.36,448.04,2022-01-13,448.04,Profit Target,3,0.07,True,22.830009284203754,2022
GDDY,2022-01-11,pullback,80.08,78.48,85.69,2022-01-13,78.48,Stop Loss,2,-0.02,False,10.828412221667815,2022
ON,2022-01-12,pullback,66.49,65.16,71.14,2022-01-13,65.16,Stop Loss,1,-0.02,False,43.39745263453671,2022
TSCO,2022-01-13,pullback,46.16,45.23,49.39,2022-01-14,45.23,Stop Loss,1,-0.02,False,11.404065127719587,2022
LITE,2022-01-14,pullback,106.36,104.23,113.81,2022-01-18,104.23,Stop Loss,1,-0.02,False,22.85256067596486,2022
EA,2022-01-18,pullback,133.91,131.23,143.28,2022-01-25,131.23,Stop Loss,5,-0.02,False,-5.819228042872792,2022
CHD,2022-02-02,pullback,103.19,101.13,110.41,2022-02-04,101.13,Stop Loss,2,-0.02,False,19.160619419353875,2022
PCAR,2022-02-09,pullback,63.12,61.86,67.54,2022-02-10,61.86,Stop Loss,1,-0.02,False,8.199853285856108,2022
UHS,2022-03-28,pullback,149.36,146.37,159.82,2022-03-29,146.37,Stop Loss,1,-0.02,False,19.204442009662813,2022
FIX,2022-03-29,pullback,91.12,89.3,97.5,2022-03-31,89.3,Stop Loss,2,-0.02,False,-3.7418474818047387,2022
XOM,2022-03-30,pullback,83.78,82.1,89.64,2022-04-01,82.1,Stop Loss,2,-0.02,False,31.021392779094047,2022
LHX,2022-04-04,pullback,252.64,247.59,270.32,2022-04-19,257.73,Time Exit,10,0.020147,True,16.94972209915562,2022
CAG,2023-04-24,pullback,37.72,36.97,40.36,2023-05-08,37.74,Time Exit,10,0.00053,True,1.7426719803836255,2023
AAPL,2023-04-27,pullback,168.41,165.04,180.2,2023-05-04,165.04,Stop Loss,5,-0.02,False,15.409502756202675,2023
MKC,2023-04-28,breakout,87.85,83.65,90.83,2023-05-15,90.83,Profit Target,11,0.033921,True,17.384147464318524,2023
SJM,2023-05-01,breakout,157.04,149.58,163.65,2023-05-22,149.58,Stop Loss,15,-0.047514,False,3.9479307077751713,2023
COR,2023-05-02,breakout,169.16,160.21,176.62,2023-06-08,176.62,Profit Target,26,0.0441,True,9.249312682229306,2023
MSTR,2023-05-05,pullback,32.67,32.02,34.96,2023-05-08,32.02,Stop Loss,1,-0.02,False,29.83090297084303,2023
AXON,2023-05-08,pullback,221.86,217.42,237.39,2023-05-10,217.42,Stop Loss,2,-0.02,False,19.06489842626682,2023
PEG,2023-05-09,pullback,63.71,62.44,68.17,2023-05-15,62.44,Stop Loss,4,-0.02,False,4.374765288609339,2023
LIN,2023-05-10,pullback,368.9,361.52,394.72,2023-05-23,361.52,Stop Loss,9,-0.02,False,10.398210223072923,2023
KO,2023-05-11,pullback,63.86,62.58,68.33,2023-05-18,62.58,Stop Loss,5,-0.02,False,7.612515521609597,2023
PG,2023-05-12,pullback,155.96,152.84,166.88,2023-05-18,152.84,Stop Loss,4,-0.02,False,12.912490429419798,2023
GE,2023-05-15,pullback,81.4,79.78,87.1,2023-05-24,79.78,Stop Loss,7,-0.02,False,21.420507242815432,2023
TECH,2023-05-16,pullback,81.94,80.3,87.68,2023-05-24,80.3,Stop Loss,6,-0.02,False,8.444471392514853,2023
SNPS,2023-05-17,breakout,377.08,358.57,393.63,2023-05-18,393.63,Profit Target,1,0.04389,True,2.0139797240027457,2023
NVR,2023-05-18,pullback,5883.17,5765.51,6294.99,2023-05-22,5765.51,Stop Loss,2,-0.02,False,10.055990429374795,2023
TAP,2023-05-19,pullback,62.61,61.36,66.99,2023-05-24,61.36,Stop Loss,3,-0.02,False,10.80797180064681,2023
INVH,2023-05-22,pullback,33.64,32.97,35.99,2023-05-24,32.97,Stop Loss,2,-0.02,False,2.07807446856747,2023
HD,2023-05-23,pullback,294.94,289.04,315.59,2023-05-25,289.04,Stop Loss,2,-0.02,False,-5.039125746947226,2023
INSM,2023-05-24,pullback,19.29,18.9,20.64,2023-05-25,18.9,Stop Loss,1,-0.02,False,-8.835638801156808,2023
CMG,2023-05-25,pullback,41.16,40.33,44.04,2023-06-07,40.33,Stop Loss,8,-0.02,False,33.39414867701309,2023
SHOP,2023-05-26,pullback,59.26,58.07,63.41,2023-05-30,58.07,Stop Loss,1,-0.02,False,32.62729855436588,2023
NSC,2023-05-30,pullback,211.19,206.97,225.97,2023-05-31,206.97,Stop Loss,1,-0.02,False,-8.933097616382025,2023
MCK,2023-05-31,pullback,390.84,383.02,418.2,2023-06-14,391.25,Time Exit,10,0.001049,True,10.946541231434637,2023
INSM,2023-06-01,pullback,19.24,18.86,20.59,2023-06-14,18.86,Stop Loss,9,-0.02,False,-7.62729429872806,2023
BLDR,2023-06-02,pullback,118.97,116.59,127.3,2023-06-05,116.59,Stop Loss,1,-0.02,False,32.66610265403864,2023
ROL,2023-06-05,pullback,41.17,40.35,44.05,2023-06-12,40.35,Stop Loss,5,-0.02,False,8.074724657955713,2023
SHOP,2023-06-06,pullback,63.66,62.39,68.12,2023-06-07,62.39,Stop Loss,1,-0.02,False,41.29679186159358,2023
HAS,2023-06-07,pullback,61.14,59.92,65.42,2023-06-22,59.92,Stop Loss,10,-0.02,False,20.782487177056264,2023
ISRG,2023-06-08,pullback,310.82,304.6,332.58,2023-06-16,332.58,Profit Target,6,0.07,True,22.49012033127178,2023
SHOP,2023-06-09,pullback,61.36,60.13,65.66,2023-06-13,65.66,Profit Target,2,0.07,True,28.832429180234918,2023
HAS,2023-06-12,pullback,61.78,60.54,66.1,2023-06-21,60.54,Stop Loss,6,-0.02,False,17.47470976001462,2023
DVA,2023-06-13,pullback,98.24,96.28,105.12,2023-06-15,96.28,Stop Loss,2,-0.02,False,15.064270020412597,2023
MNST,2023-06-14,pullback,58.48,57.31,62.57,2023-06-28,57.31,Stop Loss,9,-0.02,False,3.0954420165006713,2023
MCK,2023-06-15,pullback,400.07,392.07,428.07,2023-06-30,428.07,Profit Target,10,0.07,True,4.164637880964928,2023
DVA,2023-06-16,pullback,97.62,95.67,104.45,2023-06-27,95.67,Stop Loss,6,-0.02,False,17.971296834482843,2023
CMG,2023-06-21,pullback,41.49,40.66,44.39,2023-06-26,40.66,Stop Loss,3,-0.02,False,16.194787906576114,2023
APP,2023-06-22,pullback,23.7,23.23,25.36,2023-06-23,23.23,Stop Loss,1,-0.02,False,59.307996050055834,2023
HIG,2023-06-23,pullback,70.47,69.06,75.4,2023-07-10,72.5,Time Exit,10,0.028807,True,-6.659102495928004,2023
LRCX,2023-06-26,pullback,62.03,60.79,66.38,2023-07-11,61.94,Time Exit,10,-0.001467,False,9.872388893637352,2023
AVGO,2023-06-27,pullback,84.84,83.14,90.78,2023-07-12,89.0,Time Exit,10,0.048975,True,25.702843688884336,2023
DDOG,2023-06-28,pullback,98.15,96.19,105.02,2023-06-29,96.19,Stop Loss,1,-0.02,False,32.694429475904755,2023
WFC,2023-06-29,pullback,42.45,41.6,45.42,2023-07-14,43.56,Time Exit,10,0.026148,True,8.118071855212893,2023
NVDA,2023-06-30,pullback,42.3,41.46,45.26,2023-07-06,41.46,Stop Loss,3,-0.02,False,48.61396934030089,2023
MRVL,2023-07-03,pullback,61.35,60.12,65.64,2023-07-05,60.12,Stop Loss,1,-0.02,False,47.81019125180741,2023
VRSK,2023-07-05,pullback,226.05,221.53,241.87,2023-07-19,228.21,Time Exit,10,0.009555,True,10.627706612455956,2023
SATS,2023-07-06,pullback,17.66,17.31,18.9,2023-07-12,18.9,Profit Target,4,0.07,True,-9.630439319464534,2023
PLTR,2023-07-07,pullback,15.34,15.03,16.41,2023-07-10,15.03,Stop Loss,1,-0.02,False,76.67909056508029,2023
MRVL,2023-07-10,pullback,60.29,59.08,64.51,2023-07-13,64.51,Profit Target,3,0.07,True,42.93542919265785,2023
UBER,2023-07-11,pullback,44.36,43.47,47.47,2023-07-18,47.47,Profit Target,5,0.07,True,33.641437843949596,2023
SHOP,2023-07-12,pullback,65.94,64.62,70.56,2023-07-14,70.56,Profit Target,2,0.07,True,28.152812120100656,2023
AMD,2023-07-13,pullback,115.92,113.6,124.03,2023-07-17,113.6,Stop Loss,2,-0.02,False,20.58129567561542,2023
ORCL,2023-07-14,pullback,119.27,116.88,127.62,2023-07-20,116.88,Stop Loss,4,-0.02,False,16.00091223612974,2023
CCL,2023-07-17,pullback,17.71,17.36,18.95,2023-07-24,17.36,Stop Loss,5,-0.02,False,80.3587202475074,2023
CSCO,2023-07-18,pullback,51.24,50.22,54.83,2023-08-01,52.66,Time Exit,10,0.027713,True,-1.235060518939135,2023
EQT,2023-07-19,pullback,39.87,39.07,42.66,2023-07-24,39.07,Stop Loss,3,-0.02,False,11.46088220860988,2023
RCL,2023-07-20,pullback,101.11,99.09,108.19,2023-07-27,108.19,Profit Target,5,0.07,True,56.075940138512934,2023
CCL,2023-07-21,pullback,17.88,17.52,19.13,2023-07-24,17.52,Stop Loss,1,-0.02,False,92.28347632967844,2023
PHM,2023-07-24,pullback,78.53,76.96,84.03,2023-07-26,84.03,Profit Target,2,0.07,True,8.366957674162956,2023
DELL,2023-07-25,pullback,54.37,53.28,58.18,2023-07-28,53.28,Stop Loss,3,-0.02,False,15.5180409716152,2023
TEL,2023-07-26,breakout,144.43,136.59,150.2,2023-08-08,136.59,Stop Loss,9,-0.054257,False,7.605416257116082,2023
AMAT,2023-07-27,pullback,146.14,143.22,156.37,2023-08-10,143.22,Stop Loss,10,-0.02,False,20.158235775829468,2023
PLTR,2023-07-28,pullback,17.81,17.45,19.06,2023-07-31,19.06,Profit Target,1,0.07,True,123.59729236256656,2023
URI,2023-07-31,pullback,464.68,455.39,497.21,2023-08-03,455.39,Stop Loss,3,-0.02,False,28.50848898817504,2023
VMC,2023-08-01,pullback,223.97,219.49,239.65,2023-08-03,219.49,Stop Loss,2,-0.02,False,5.077953920928779,2023
VRSK,2023-08-02,pullback,232.42,227.77,248.69,2023-08-16,235.33,Time Exit,10,0.01252,True,1.5540092431344688,2023
TPR,2023-08-03,pullback,43.0,42.14,46.01,2023-08-04,42.14,Stop Loss,1,-0.02,False,3.075442582173493,2023
KKR,2023-08-04,pullback,60.19,58.99,64.4,2023-08-17,58.99,Stop Loss,9,-0.02,False,14.161400036877335,2023
AVGO,2023-08-07,pullback,89.71,87.91,95.99,2023-08-08,87.91,Stop Loss,1,-0.02,False,33.557935204377664,2023
UAL,2023-08-08,pullback,54.86,53.76,58.7,2023-08-09,53.76,Stop Loss,1,-0.02,False,12.666358252750376,2023
LH,2023-08-09,pullback,216.22,211.9,231.36,2023-08-17,211.9,Stop Loss,6,-0.02,False,4.984491476151187,2023
ODFL,2023-08-10,pullback,202.98,198.92,217.18,2023-08-17,198.92,Stop Loss,5,-0.02,False,27.33629512824114,2023
BKR,2023-08-11,pullback,35.48,34.77,37.96,2023-08-15,34.77,Stop Loss,2,-0.02,False,21.78602605260682,2023
DLR,2023-08-14,pullback,121.48,119.05,129.98,2023-08-24,129.98,Profit Target,8,0.07,True,22.070854354483615,2023
WDAY,2023-08-15,pullback,230.89,226.27,247.05,2023-08-17,226.27,Stop Loss,2,-0.02,False,12.177946261310124,2023
BRO,2023-08-16,pullback,72.33,70.88,77.39,2023-08-30,74.12,Time Exit,10,0.024748,True,5.095944137955821,2023
EOG,2023-08-17,pullback,129.73,127.14,138.81,2023-08-23,127.14,Stop Loss,4,-0.02,False,8.97869624489893,2023
DECK,2023-08-18,pullback,92.88,91.02,99.38,2023-08-23,91.02,Stop Loss,3,-0.02,False,20.380764621780823,2023
AMZN,2023-08-21,pullback,134.68,131.99,144.11,2023-08-24,131.99,Stop Loss,3,-0.02,False,11.158617043093756,2023
MAR,2023-08-22,pullback,203.95,199.87,218.23,2023-08-24,199.87,Stop Loss,2,-0.02,False,14.424806508483702,2023
ODFL,2023-08-23,pullback,206.32,202.2,220.77,2023-08-25,202.2,Stop Loss,2,-0.02,False,24.497620684821776,2023
CBRE,2023-08-24,pullback,83.56,81.89,89.41,2023-09-08,85.24,Time Exit,10,0.020105,True,6.975639521771693,2023
ODFL,2023-08-25,pullback,204.52,200.43,218.84,2023-09-01,218.84,Profit Target,5,0.07,True,24.467883039249315,2023
CHTR,2023-08-28,pullback,432.0,423.36,462.24,2023-09-01,423.36,Stop Loss,4,-0.02,False,27.711460090511043,2023
BXP,2023-08-29,pullback,67.12,65.78,71.82,2023-09-06,65.78,Stop Loss,5,-0.02,False,29.912423555272262,2023
LDOS,2023-08-30,pullback,97.96,96.0,104.82,2023-09-07,96.0,Stop Loss,5,-0.02,False,15.078770344763925,2023
BLDR,2023-08-31,pullback,145.04,142.14,155.19,2023-09-05,142.14,Stop Loss,2,-0.02,False,12.994571192807758,2023
ERIE,2023-09-01,pullback,282.3,276.65,302.06,2023-09-05,276.65,Stop Loss,1,-0.02,False,25.15567622612882,2023
BKNG,2023-09-05,pullback,125.79,123.27,134.59,2023-09-07,123.27,Stop Loss,2,-0.02,False,16.16448327110993,2023
CME,2023-09-06,pullback,203.66,199.59,217.92,2023-09-20,205.91,Time Exit,10,0.011048,True,10.691426831778594,2023
ZTS,2023-09-07,pullback,187.78,184.02,200.92,2023-09-13,184.02,Stop Loss,4,-0.02,False,11.238069161278496,2023
MAR,2023-09-08,pullback,205.45,201.34,219.83,2023-09-13,201.34,Stop Loss,3,-0.02,False,11.312858360764388,2023
ERIE,2023-09-11,pullback,282.94,277.28,302.75,2023-09-25,295.68,Time Exit,10,0.045027,True,28.640136441637143,2023
PKG,2023-09-12,pullback,146.96,144.02,157.25,2023-09-26,149.12,Time Exit,10,0.014698,True,9.494306791248253,2023
ABBV,2023-09-13,breakout,151.16,143.02,156.96,2023-10-27,143.02,Stop Loss,32,-0.053842,False,7.545152319522086,2023
TRGP,2023-09-14,pullback,85.74,84.03,91.74,2023-09-21,84.03,Stop Loss,5,-0.02,False,15.620776999934606,2023
INVH,2023-09-15,breakout,35.29,33.43,36.74,2023-09-21,33.43,Stop Loss,4,-0.05265,False,3.552073148446455,2023
VRT,2023-09-19,pullback,38.06,37.3,40.72,2023-09-20,37.3,Stop Loss,1,-0.02,False,59.690592533256506,2023
TPL,2023-09-20,pullback,207.69,203.54,222.23,2023-09-21,203.54,Stop Loss,1,-0.02,False,44.69671784581317,2023
VST,2023-10-11,pullback,32.77,32.11,35.06,2023-10-12,32.11,Stop Loss,1,-0.02,False,24.05249683476941,2023
MPC,2023-10-16,pullback,150.75,147.73,161.3,2023-10-25,147.73,Stop Loss,7,-0.02,False,21.413926498335854,2023
VST,2023-10-17,pullback,32.57,31.92,34.85,2023-10-20,31.92,Stop Loss,3,-0.02,False,20.171482006928276,2023
ELV,2023-11-06,pullback,454.52,445.43,486.34,2023-11-20,465.37,Time Exit,10,0.023871,True,-0.8091869937732143,2023
ZS,2023-11-07,pullback,171.39,167.96,183.39,2023-11-14,183.39,Profit Target,5,0.07,True,21.442405048444723,2023
VRSN,2023-11-08,pullback,205.02,200.92,219.37,2023-11-22,214.16,Time Exit,10,0.044581,True,0.6168515500567628,2023
JBL,2023-11-10,pullback,128.26,125.69,137.24,2023-11-27,131.32,Time Exit,10,0.023858,True,24.300088375038765,2023
VTR,2023-11-13,pullback,42.74,41.89,45.73,2023-11-28,45.73,Profit Target,10,0.07,True,2.4482228003595896,2023
EG,2023-11-14,pullback,393.16,385.3,420.68,2023-11-29,402.34,Time Exit,10,0.023349,True,10.953238359051532,2023
HUM,2023-11-15,pullback,506.79,496.65,542.27,2023-11-17,496.65,Stop Loss,2,-0.02,False,3.7666178868136946,2023
NWSA,2023-11-16,pullback,21.07,20.65,22.54,2023-11-28,22.54,Profit Target,7,0.07,True,-0.970064355274558,2023
FER,2023-11-17,pullback,38.07,37.31,40.73,2023-11-20,37.31,Stop Loss,1,-0.02,False,24.440738739049305,2023
PGR,2023-11-20,pullback,159.35,156.16,170.5,2023-12-05,163.53,Time Exit,10,0.026232,True,18.507690236879103,2023
ACGL,2023-11-21,pullback,86.13,84.41,92.16,2023-11-28,84.41,Stop Loss,4,-0.02,False,12.787928529302262,2023
MCK,2023-11-22,pullback,457.45,448.3,489.47,2023-12-07,455.66,Time Exit,10,-0.003913,False,7.614211087506395,2023
PKG,2023-11-24,pullback,155.13,152.03,165.99,2023-11-30,165.99,Profit Target,4,0.07,True,2.945123580677289,2023
UNH,2023-11-30,breakout,552.97,524.17,574.98,2023-12-15,524.17,Stop Loss,11,-0.05209,False,11.462732450930368,2023
CCEP,2023-12-04,pullback,62.0,60.76,66.34,2023-12-18,65.15,Time Exit,10,0.050806,True,-2.446609151185375,2023
LMT,2023-12-06,pullback,449.41,440.42,480.87,2023-12-15,440.42,Stop Loss,7,-0.02,False,4.903094574979838,2023
WTW,2023-12-07,pullback,242.72,237.87,259.71,2023-12-14,237.87,Stop Loss,5,-0.02,False,16.519816259292732,2023
APH,2023-12-08,breakout,46.62,44.2,48.29,2023-12-13,48.29,Profit Target,3,0.035933,True,4.965154412813,2023
AME,2023-12-11,breakout,157.73,151.64,162.98,2023-12-14,162.98,Profit Target,3,0.033285,True,-0.6887252493473994,2023
AZO,2023-12-12,pullback,2661.25,2608.03,2847.54,2023-12-15,2608.03,Stop Loss,3,-0.02,False,2.688425599861066,2023
NFLX,2023-12-13,pullback,48.0,47.04,51.36,2023-12-14,47.04,Stop Loss,1,-0.02,False,16.98722596468074,2023
SMCI,2023-12-14,pullback,29.44,28.85,31.5,2023-12-18,31.5,Profit Target,2,0.07,True,17.73259064211603,2023
TRI,2023-12-18,pullback,140.84,138.02,150.7,2024-01-03,143.31,Time Exit,10,0.017538,True,2.7079334750647943,2023
CCI,2023-12-19,pullback,113.99,111.71,121.97,2024-01-04,114.0,Time Exit,10,8.8e-05,True,13.657512188407473,2023
ACN,2023-12-21,breakout,348.75,330.36,361.9,2024-01-19,361.9,Profit Target,18,0.037706,True,5.642483572116697,2023
MSFT,2023-12-22,pullback,374.58,367.09,400.8,2024-01-02,367.09,Stop Loss,5,-0.02,False,7.83132371456432,2023
CCI,2023-12-26,pullback,115.59,113.28,123.68,2024-01-04,113.28,Stop Loss,6,-0.02,False,15.807128618173149,2023
PKG,2023-12-27,pullback,165.01,161.71,176.56,2024-01-11,166.46,Time Exit,10,0.008787,True,-4.231468968135044,2023
PDD,2023-12-28,pullback,145.35,142.44,155.52,2024-01-02,142.44,Stop Loss,2,-0.02,False,35.822418548968706,2023
WTW,2023-12-29,pullback,241.2,236.38,258.08,2024-01-16,245.79,Time Exit,10,0.01903,True,3.669705686039171,2023
MCD,2024-01-02,breakout,297.04,281.58,310.7,2024-02-06,281.58,Stop Loss,24,-0.05203,False,9.631724961696374,2024
CAH,2024-01-03,pullback,104.73,102.64,112.06,2024-01-09,102.64,Stop Loss,4,-0.02,False,6.98699143295054,2024
DXCM,2024-01-04,pullback,121.83,119.39,130.36,2024-01-09,130.36,Profit Target,3,0.07,True,35.441778388130516,2024
PHM,2024-01-05,pullback,101.48,99.45,108.58,2024-01-22,108.58,Profit Target,10,0.07,True,27.008181005651323,2024
EXPE,2024-01-08,pullback,149.68,146.69,160.16,2024-01-17,146.69,Stop Loss,6,-0.02,False,36.41792002319066,2024
DASH,2024-01-09,pullback,103.05,100.99,110.26,2024-01-17,100.99,Stop Loss,5,-0.02,False,26.90393280646255,2024
UBER,2024-01-10,pullback,62.41,61.16,66.78,2024-01-25,66.0,Time Exit,10,0.057523,True,30.295738738440892,2024
GEN,2024-01-11,pullback,23.03,22.57,24.64,2024-01-16,22.57,Stop Loss,2,-0.02,False,20.8634127611494,2024
EFX,2024-01-12,pullback,243.76,238.88,260.82,2024-01-29,250.11,Time Exit,10,0.02605,True,28.362484699537127,2024
LITE,2024-01-16,pullback,52.65,51.6,56.34,2024-01-17,51.6,Stop Loss,1,-0.02,False,22.42575024569775,2024
FFIV,2024-01-17,pullback,177.41,173.86,189.83,2024-01-30,189.83,Profit Target,9,0.07,True,7.448458286039483,2024
RCL,2024-01-18,pullback,125.28,122.77,134.05,2024-02-01,122.77,Stop Loss,10,-0.02,False,40.80797792247432,2024
KKR,2024-01-19,pullback,84.19,82.51,90.08,2024-02-02,89.52,Time Exit,10,0.063309,True,35.87094560751982,2024
C,2024-01-22,pullback,52.84,51.78,56.54,2024-01-30,56.54,Profit Target,6,0.07,True,21.073187766074962,2024
CL,2024-01-23,breakout,81.41,77.59,84.62,2024-01-31,84.62,Profit Target,6,0.03943,True,-6.129102689403254,2024
TFC,2024-01-24,pullback,37.55,36.8,40.18,2024-02-01,36.8,Stop Loss,6,-0.02,False,17.7604164889263,2024
EXPE,2024-01-25,pullback,152.3,149.25,162.96,2024-01-31,149.25,Stop Loss,4,-0.02,False,42.969577489802276,2024
MDLZ,2024-01-26,breakout,75.14,71.18,77.7,2024-02-14,71.18,Stop Loss,13,-0.052671,False,-3.0621060621750518,2024
ARM,2024-01-29,pullback,72.93,71.47,78.04,2024-01-30,71.47,Stop Loss,1,-0.02,False,28.12576685438497,2024
HON,2024-01-30,breakout,194.06,183.81,200.89,2024-02-01,183.81,Stop Loss,2,-0.052841,False,-3.5154496760818166,2024
EW,2024-01-31,pullback,78.47,76.9,83.96,2024-02-02,83.96,Profit Target,2,0.07,True,5.9111076607609725,2024
EXPE,2024-02-01,pullback,151.52,148.49,162.13,2024-02-02,148.49,Stop Loss,1,-0.02,False,23.501114188051588,2024
AME,2024-02-02,breakout,167.44,158.48,174.02,2024-02-15,174.02,Profit Target,9,0.039298,True,1.1518205539604143,2024
ARM,2024-02-05,pullback,73.27,71.8,78.4,2024-02-06,71.8,Stop Loss,1,-0.02,False,22.040265856208062,2024
WSM,2024-02-06,pullback,102.35,100.3,109.51,2024-02-09,109.51,Profit Target,3,0.07,True,24.891808022732697,2024
ZS,2024-02-07,pullback,244.66,239.77,261.79,2024-02-13,239.77,Stop Loss,4,-0.02,False,26.72594823844603,2024
EFX,2024-02-08,breakout,252.06,238.59,262.29,2024-02-22,262.29,Profit Target,9,0.040586,True,23.768575195568786,2024
FIS,2024-02-09,pullback,61.76,60.52,66.08,2024-02-13,60.52,Stop Loss,2,-0.02,False,2.8683028600763993,2024
LDOS,2024-02-12,breakout,114.56,108.41,119.51,2024-02-13,119.51,Profit Target,1,0.043209,True,-2.2617766038038223,2024
RSG,2024-02-13,breakout,175.61,166.67,183.19,2024-02-22,183.19,Profit Target,6,0.043164,True,0.7904958706316467,2024
AMD,2024-02-14,pullback,178.7,175.13,191.21,2024-02-16,175.13,Stop Loss,2,-0.02,False,37.5520429261341,2024
C,2024-02-15,pullback,55.21,54.11,59.07,2024-03-01,55.6,Time Exit,10,0.007064,True,11.472493354720537,2024
PPL,2024-02-16,breakout,26.64,25.22,27.83,2024-04-16,26.01,Time Exit,40,-0.023649,False,-8.947154348460318,2024
COO,2024-02-20,pullback,95.7,93.79,102.4,2024-02-27,93.79,Stop Loss,5,-0.02,False,3.733797235411296,2024
PSX,2024-02-21,pullback,143.55,140.68,153.6,2024-03-06,146.77,Time Exit,10,0.022431,True,11.801575259525855,2024
AVGO,2024-02-22,pullback,130.49,127.88,139.62,2024-03-01,139.62,Profit Target,6,0.07,True,25.657128125059604,2024
IBM,2024-02-23,pullback,185.72,182.01,198.72,2024-03-07,198.72,Profit Target,9,0.07,True,7.6864283710569525,2024
CRWD,2024-02-26,pullback,321.03,314.61,343.5,2024-02-28,314.61,Stop Loss,2,-0.02,False,25.632824907344286,2024
COF,2024-02-27,pullback,136.82,134.08,146.4,2024-03-12,140.27,Time Exit,10,0.025216,True,11.46126260738507,2024
FER,2024-02-28,pullback,39.53,38.74,42.3,2024-03-06,38.74,Stop Loss,5,-0.02,False,10.025654657067506,2024
MRVL,2024-02-29,pullback,71.66,70.23,76.68,2024-03-01,76.68,Profit Target,1,0.07,True,26.528501230910393,2024
ALGN,2024-03-04,pullback,308.04,301.88,329.6,2024-03-05,301.88,Stop Loss,1,-0.02,False,29.386193921165304,2024
TMUS,2024-03-05,breakout,165.9,158.42,172.36,2024-05-01,165.47,Time Exit,40,-0.002592,False,-4.581103781647888,2024
PLTR,2024-03-06,pullback,26.16,25.64,27.99,2024-03-11,25.64,Stop Loss,3,-0.02,False,36.4473467889562,2024
ALGN,2024-03-07,pullback,310.8,304.58,332.56,2024-03-21,332.56,Profit Target,10,0.07,True,30.69232960102135,2024
DIS,2024-03-08,pullback,110.32,108.11,118.04,2024-03-22,115.87,Time Exit,10,0.050308,True,10.87686805733763,2024
CB,2024-03-11,pullback,255.0,249.9,272.85,2024-03-25,255.61,Time Exit,10,0.002392,True,4.1095917851679875,2024
CRWD,2024-03-12,pullback,329.27,322.68,352.32,2024-03-15,322.68,Stop Loss,3,-0.02,False,20.82609232797701,2024
BRK-B,2024-03-13,pullback,408.13,399.97,436.7,2024-03-27,416.93,Time Exit,10,0.021562,True,4.54490233042899,2024
ITW,2024-03-14,breakout,264.92,250.5,276.58,2024-04-17,250.5,Stop Loss,23,-0.054427,False,-6.288842868648437,2024
AMP,2024-03-15,breakout,419.49,401.66,434.8,2024-03-21,434.8,Profit Target,4,0.036497,True,2.5546870305078295,2024
CRWD,2024-03-18,pullback,321.06,314.64,343.53,2024-03-19,314.64,Stop Loss,1,-0.02,False,16.901844799632126,2024
LLY,2024-03-19,pullback,772.78,757.32,826.87,2024-03-20,757.32,Stop Loss,1,-0.02,False,26.002607731071635,2024
IBKR,2024-03-20,pullback,27.2,26.66,29.1,2024-04-03,29.1,Profit Target,9,0.07,True,22.618134024826176,2024
RSG,2024-03-21,breakout,189.12,181.13,195.28,2024-04-30,195.28,Profit Target,27,0.032572,True,6.188114798198696,2024
ARM,2024-03-22,pullback,134.15,131.47,143.54,2024-03-25,143.54,Profit Target,1,0.07,True,71.29268453709055,2024
IBKR,2024-03-25,pullback,27.28,26.73,29.19,2024-04-03,29.19,Profit Target,6,0.07,True,22.19538947095363,2024
PLTR,2024-03-26,pullback,24.89,24.39,26.63,2024-03-27,24.39,Stop Loss,1,-0.02,False,35.81021712365573,2024
SYK,2024-03-27,pullback,358.71,351.54,383.82,2024-04-02,351.54,Stop Loss,3,-0.02,False,10.403043819658908,2024
DELL,2024-03-28,pullback,114.11,111.83,122.1,2024-04-03,122.1,Profit Target,3,0.07,True,37.38992736262825,2024
ASML,2024-04-01,pullback,992.95,973.09,1062.46,2024-04-02,973.09,Stop Loss,1,-0.02,False,30.0467052678286,2024
META,2024-04-02,pullback,497.37,487.42,532.19,2024-04-16,499.76,Time Exit,10,0.004805,True,30.436158154464763,2024
ASML,2024-04-03,pullback,980.27,960.66,1048.89,2024-04-04,960.66,Stop Loss,1,-0.02,False,26.548325810253594,2024
CF,2024-04-04,pullback,86.18,84.46,92.21,2024-04-05,84.46,Stop Loss,1,-0.02,False,1.681495889767981,2024
CVNA,2024-04-05,pullback,16.77,16.43,17.94,2024-04-09,16.43,Stop Loss,2,-0.02,False,70.58939070498656,2024
HOOD,2024-04-08,pullback,18.56,18.19,19.86,2024-04-09,18.19,Stop Loss,1,-0.02,False,49.602293301450494,2024
EBAY,2024-04-09,pullback,51.96,50.92,55.6,2024-04-15,50.92,Stop Loss,4,-0.02,False,17.140694519346123,2024
AXON,2024-04-10,pullback,318.26,311.89,340.54,2024-04-12,311.89,Stop Loss,2,-0.02,False,19.32271813760258,2024
COIN,2024-04-11,pullback,263.01,257.75,281.42,2024-04-12,257.75,Stop Loss,1,-0.02,False,86.80303128557001,2024
PCG,2024-04-12,pullback,16.6,16.27,17.76,2024-04-15,16.27,Stop Loss,1,-0.02,False,-8.869828342135511,2024
VLTO,2024-04-15,pullback,89.86,88.06,96.15,2024-04-29,94.89,Time Exit,10,0.055976,True,11.309229263896214,2024
VRT,2024-04-16,pullback,82.36,80.71,88.13,2024-04-17,80.71,Stop Loss,1,-0.02,False,49.93445427773124,2024
TSN,2024-04-17,pullback,58.58,57.41,62.68,2024-05-01,60.29,Time Exit,10,0.029191,True,6.546624624795938,2024
ES,2024-04-18,pullback,58.99,57.81,63.12,2024-05-02,63.12,Profit Target,10,0.07,True,8.055840036812768,2024
TRGP,2024-04-22,pullback,113.81,111.53,121.78,2024-05-01,111.53,Stop Loss,7,-0.02,False,28.576814482590706,2024
NRG,2024-04-23,pullback,71.49,70.06,76.49,2024-05-03,76.49,Profit Target,8,0.07,True,28.36765172454625,2024
VST,2024-04-24,pullback,70.46,69.05,75.39,2024-04-25,69.05,Stop Loss,1,-0.02,False,67.93708858016527,2024
CEG,2024-04-25,pullback,188.01,184.25,201.17,2024-05-01,184.25,Stop Loss,4,-0.02,False,49.83841479808948,2024
CVNA,2024-04-26,pullback,16.86,16.52,18.04,2024-04-30,16.52,Stop Loss,2,-0.02,False,94.34038691353965,2024
GRMN,2024-04-29,pullback,145.18,142.28,155.34,2024-05-01,155.34,Profit Target,2,0.07,True,17.39346274515059,2024
ALL,2024-04-30,pullback,170.06,166.66,181.96,2024-05-03,166.66,Stop Loss,3,-0.02,False,6.521351968147937,2024
TTD,2024-05-01,pullback,85.41,83.7,91.39,2024-05-06,91.39,Profit Target,3,0.07,True,23.214856410968586,2024
NTAP,2024-05-02,pullback,102.12,100.08,109.27,2024-05-08,109.27,Profit Target,4,0.07,True,15.678528671154712,2024
WDC,2024-05-03,pullback,53.63,52.56,57.38,2024-05-17,54.5,Time Exit,10,0.016209,True,21.609438334208587,2024
MU,2024-05-06,pullback,120.13,117.73,128.54,2024-05-09,117.73,Stop Loss,3,-0.02,False,37.337756358208686,2024
HRL,2024-05-07,pullback,35.31,34.6,37.78,2024-05-21,36.43,Time Exit,10,0.031719,True,16.06486531066702,2024
BG,2024-05-08,pullback,105.36,103.25,112.74,2024-05-15,103.25,Stop Loss,5,-0.02,False,14.198847863390851,2024
FANG,2024-05-09,pullback,203.72,199.65,217.98,2024-05-14,199.65,Stop Loss,3,-0.02,False,15.601677957222758,2024
KR,2024-05-10,pullback,55.9,54.78,59.81,2024-05-15,54.78,Stop Loss,3,-0.02,False,15.515136391663065,2024
GPC,2024-05-13,pullback,157.53,154.38,168.56,2024-05-16,154.38,Stop Loss,3,-0.02,False,5.930604151207874,2024
SCHW,2024-05-14,pullback,77.07,75.53,82.46,2024-05-22,75.53,Stop Loss,6,-0.02,False,15.874744329438673,2024
GE,2024-05-15,pullback,163.47,160.2,174.91,2024-05-17,160.2,Stop Loss,2,-0.02,False,30.85328115789272,2024
CAG,2024-05-16,pullback,30.99,30.37,33.16,2024-05-22,30.37,Stop Loss,4,-0.02,False,5.407370579453041,2024
HRL,2024-05-17,breakout,36.31,34.42,37.97,2024-05-28,34.42,Stop Loss,6,-0.052133,False,14.756938683406373,2024
HAS,2024-05-20,pullback,62.08,60.84,66.43,2024-05-22,60.84,Stop Loss,2,-0.02,False,22.795903348636305,2024
FIX,2024-05-21,pullback,327.36,320.81,350.28,2024-05-31,320.81,Stop Loss,7,-0.02,False,7.6176810954735386,2024
OMC,2024-05-22,pullback,95.26,93.35,101.93,2024-05-28,93.35,Stop Loss,3,-0.02,False,3.471420699455141,2024
GE,2024-05-23,pullback,165.26,161.95,176.83,2024-05-31,161.95,Stop Loss,5,-0.02,False,28.465545479709007,2024
SO,2024-05-24,pullback,77.75,76.19,83.19,2024-06-10,78.97,Time Exit,10,0.015691,True,13.052895032709454,2024
FCX,2024-05-28,pullback,53.63,52.56,57.38,2024-05-29,52.56,Stop Loss,1,-0.02,False,36.53510986615123,2024
UHS,2024-05-29,pullback,180.23,176.63,192.85,2024-06-12,187.24,Time Exit,10,0.038895,True,-1.0352734342703007,2024
GE,2024-05-30,pullback,164.2,160.92,175.69,2024-05-31,160.92,Stop Loss,1,-0.02,False,26.469419453401155,2024
PEG,2024-05-31,breakout,75.76,72.02,78.38,2024-06-14,72.02,Stop Loss,10,-0.049392,False,13.649753089148952,2024
DPZ,2024-06-03,breakout,522.98,497.0,546.12,2024-07-02,497.0,Stop Loss,20,-0.049672,False,14.378606779829006,2024
AWK,2024-06-04,pullback,132.82,130.16,142.12,2024-06-06,130.16,Stop Loss,2,-0.02,False,7.033287314462511,2024
APP,2024-06-05,pullback,83.67,82.0,89.53,2024-06-07,82.0,Stop Loss,2,-0.02,False,33.45521838580665,2024
CMG,2024-06-06,pullback,64.23,62.95,68.73,2024-06-10,62.95,Stop Loss,2,-0.02,False,14.336772633160088,2024
JPM,2024-06-07,pullback,199.95,195.95,213.95,2024-06-11,195.95,Stop Loss,2,-0.02,False,2.6720254719302394,2024
NEE,2024-06-10,pullback,76.97,75.43,82.36,2024-06-11,75.43,Stop Loss,1,-0.02,False,23.046122591542705,2024
IFF,2024-06-11,pullback,97.16,95.22,103.96,2024-06-13,95.22,Stop Loss,2,-0.02,False,11.231700827188718,2024
UAL,2024-06-12,pullback,52.93,51.87,56.64,2024-06-13,51.87,Stop Loss,1,-0.02,False,15.568300647085408,2024
EME,2024-06-13,pullback,390.14,382.34,417.45,2024-06-14,382.34,Stop Loss,1,-0.02,False,12.545327459952759,2024
GOOG,2024-06-14,pullback,178.37,174.8,190.86,2024-07-01,184.49,Time Exit,10,0.034311,True,15.979637276688141,2024
ADI,2024-06-17,pullback,232.39,227.74,248.66,2024-06-25,227.74,Stop Loss,5,-0.02,False,15.124709455631491,2024
NEM,2024-06-18,pullback,41.79,40.95,44.72,2024-07-03,43.45,Time Exit,10,0.039722,True,17.676145233754582,2024
GOOG,2024-06-20,pullback,177.71,174.16,190.15,2024-07-05,190.15,Profit Target,10,0.07,True,11.712100149632976,2024
BSX,2024-06-21,breakout,77.71,73.69,81.22,2024-07-30,73.69,Stop Loss,26,-0.051735,False,9.167875605361232,2024
REG,2024-06-24,breakout,62.26,59.7,64.44,2024-07-12,64.44,Profit Target,13,0.035015,True,-0.9533593092852177,2024
APH,2024-06-25,pullback,67.96,66.6,72.72,2024-07-02,66.6,Stop Loss,5,-0.02,False,14.834205529365917,2024
TKO,2024-06-26,pullback,107.65,105.5,115.19,2024-07-11,109.94,Time Exit,10,0.021273,True,13.639349373647436,2024
NEM,2024-06-27,pullback,41.84,41.0,44.77,2024-07-10,44.77,Profit Target,8,0.07,True,7.19197992344891,2024
VTR,2024-06-28,breakout,51.26,48.79,52.76,2024-07-11,52.76,Profit Target,8,0.029263,True,14.088107311471765,2024
TMUS,2024-07-01,pullback,179.08,175.5,191.62,2024-07-16,182.98,Time Exit,10,0.021778,True,5.96319223974211,2024
SATS,2024-07-02,pullback,18.13,17.77,19.4,2024-07-09,17.77,Stop Loss,4,-0.02,False,27.078497361064755,2024
NVDA,2024-07-03,pullback,128.28,125.71,137.26,2024-07-05,125.71,Stop Loss,1,-0.02,False,44.102866256241,2024
PM,2024-07-05,pullback,102.12,100.08,109.27,2024-07-19,107.12,Time Exit,10,0.048962,True,5.939344925336454,2024
GLW,2024-07-08,pullback,43.05,42.19,46.06,2024-07-12,46.06,Profit Target,4,0.07,True,26.20871880390032,2024
HOOD,2024-07-09,pullback,22.6,22.15,24.18,2024-07-10,22.15,Stop Loss,1,-0.02,False,16.962195523996048,2024
GEV,2024-07-10,pullback,179.73,176.14,192.31,2024-07-12,176.14,Stop Loss,2,-0.02,False,25.14379091644785,2024
PODD,2024-07-11,pullback,203.62,199.55,217.87,2024-07-15,199.55,Stop Loss,2,-0.02,False,7.381290320589429,2024
DVA,2024-07-12,pullback,141.55,138.72,151.46,2024-07-15,138.72,Stop Loss,1,-0.02,False,-0.9770977563698269,2024
HOOD,2024-07-15,pullback,23.94,23.46,25.62,2024-07-16,23.46,Stop Loss,1,-0.02,False,27.75001248104534,2024
IP,2024-07-16,pullback,45.51,44.6,48.7,2024-07-25,44.6,Stop Loss,7,-0.02,False,14.592107782461628,2024
BIIB,2024-07-17,pullback,228.33,223.76,244.31,2024-07-18,223.76,Stop Loss,1,-0.02,False,6.178767457590406,2024
WMB,2024-07-19,breakout,44.0,41.66,45.73,2024-08-05,41.66,Stop Loss,11,-0.053167,False,3.4792111868444664,2024
MELI,2024-07-22,pullback,1687.38,1653.63,1805.5,2024-07-24,1653.63,Stop Loss,2,-0.02,False,13.562552911698212,2024
ORCL,2024-07-23,pullback,143.11,140.25,153.13,2024-07-24,140.25,Stop Loss,1,-0.02,False,13.141042377538326,2024
CPB,2024-07-24,pullback,46.47,45.54,49.72,2024-08-05,49.72,Profit Target,8,0.07,True,-2.683486450776651,2024
BA,2024-07-25,pullback,184.35,180.66,197.25,2024-08-01,180.66,Stop Loss,5,-0.02,False,2.5795017699464795,2024
LII,2024-07-26,pullback,572.8,561.34,612.9,2024-08-01,561.34,Stop Loss,4,-0.02,False,17.036789460866796,2024
ISRG,2024-07-29,pullback,443.66,434.79,474.72,2024-07-30,434.79,Stop Loss,1,-0.02,False,9.6122886381659,2024
COR,2024-07-30,breakout,231.03,218.44,240.94,2024-07-31,240.94,Profit Target,1,0.042895,True,-2.8449534371196794,2024
ADSK,2024-07-31,pullback,247.52,242.57,264.85,2024-08-01,242.57,Stop Loss,1,-0.02,False,7.594095968861669,2024
INSM,2024-08-01,pullback,75.33,73.82,80.6,2024-08-02,73.82,Stop Loss,1,-0.02,False,183.83951966561835,2024
AAPL,2024-08-13,pullback,221.27,216.84,236.76,2024-08-27,228.03,Time Exit,10,0.030551,True,14.159703397324863,2024
IP,2024-08-14,pullback,46.12,45.2,49.35,2024-08-28,48.49,Time Exit,10,0.051388,True,9.413384238716361,2024
DHI,2024-08-15,pullback,175.29,171.78,187.56,2024-08-22,187.56,Profit Target,5,0.07,True,13.259271283625406,2024
TSLA,2024-08-16,pullback,216.12,211.8,231.25,2024-08-22,211.8,Stop Loss,4,-0.02,False,15.372988199066718,2024
SWKS,2024-08-19,pullback,108.05,105.89,115.61,2024-08-20,105.89,Stop Loss,1,-0.02,False,12.065074676523825,2024
INCY,2024-08-20,pullback,64.38,63.09,68.89,2024-08-22,63.09,Stop Loss,2,-0.02,False,6.809812542650584,2024
FDX,2024-08-21,pullback,291.52,285.69,311.93,2024-09-05,285.69,Stop Loss,10,-0.02,False,11.714137648391754,2024
GILD,2024-08-22,pullback,75.9,74.38,81.21,2024-09-06,78.72,Time Exit,10,0.037154,True,13.80241481011495,2024
AMT,2024-08-23,pullback,227.0,222.46,242.89,2024-08-27,222.46,Stop Loss,2,-0.02,False,11.423171034186241,2024
BMY,2024-08-26,pullback,48.24,47.28,51.62,2024-09-10,49.28,Time Exit,10,0.021559,True,11.063727507597054,2024
CHTR,2024-08-27,pullback,360.77,353.55,386.02,2024-08-29,353.55,Stop Loss,2,-0.02,False,19.650029243144008,2024
VTRS,2024-08-28,pullback,11.9,11.66,12.73,2024-09-05,11.66,Stop Loss,5,-0.02,False,7.349859217866461,2024
GD,2024-08-29,breakout,297.83,283.77,309.16,2024-09-16,309.16,Profit Target,11,0.038042,True,-4.969899197802363,2024
REG,2024-08-30,breakout,72.69,68.73,74.86,2024-09-10,74.86,Profit Target,6,0.029853,True,12.805824343371786,2024
AEE,2024-09-03,breakout,83.28,79.41,86.11,2024-09-23,86.11,Profit Target,14,0.033982,True,13.796410541489301,2024
COHR,2024-09-04,pullback,73.9,72.42,79.07,2024-09-06,72.42,Stop Loss,2,-0.02,False,8.073217054688753,2024
HSIC,2024-09-05,pullback,69.86,68.46,74.75,2024-09-09,68.46,Stop Loss,2,-0.02,False,2.679077734726998,2024
ZTS,2024-09-06,breakout,189.23,179.28,197.9,2024-09-18,197.9,Profit Target,8,0.045817,True,7.793471268720021,2024
ATO,2024-09-09,breakout,133.8,126.79,139.49,2024-10-01,139.49,Profit Target,16,0.042526,True,14.446025580749078,2024
NEE,2024-09-10,breakout,82.3,78.04,85.85,2024-10-03,85.85,Profit Target,17,0.043135,True,11.53989417334782,2024
EXC,2024-09-11,breakout,39.3,37.21,41.12,2024-10-02,41.12,Profit Target,15,0.04631,True,10.405001193109499,2024
KIM,2024-09-12,breakout,23.65,22.4,24.63,2024-10-18,24.63,Profit Target,26,0.041438,True,23.86529017153336,2024
EFX,2024-09-13,pullback,306.75,300.62,328.22,2024-09-17,300.62,Stop Loss,2,-0.02,False,25.1910419092265,2024
ALNY,2024-09-16,pullback,270.37,264.96,289.3,2024-09-30,275.03,Time Exit,10,0.017236,True,59.8020442040003,2024
KEY,2024-09-17,pullback,16.57,16.24,17.73,2024-10-01,16.24,Stop Loss,10,-0.02,False,15.291541954843524,2024
ORLY,2024-09-18,pullback,75.55,74.04,80.83,2024-09-20,74.04,Stop Loss,2,-0.02,False,4.086749314170035,2024
HWM,2024-09-19,pullback,97.43,95.48,104.25,2024-10-03,100.75,Time Exit,10,0.034076,True,18.660094448721253,2024
FTNT,2024-09-20,pullback,76.78,75.24,82.15,2024-10-04,78.01,Time Exit,10,0.01602,True,23.876795220010916,2024
CME,2024-09-24,pullback,218.16,213.8,233.43,2024-10-08,221.68,Time Exit,10,0.016135,True,6.830469106198933,2024
SBUX,2024-09-25,pullback,95.62,93.71,102.31,2024-10-09,95.88,Time Exit,10,0.002719,True,20.6260676147878,2024
LEN,2024-09-26,pullback,177.2,173.66,189.61,2024-10-07,173.66,Stop Loss,7,-0.02,False,23.977784369924393,2024
ED,2024-09-27,pullback,104.05,101.97,111.33,2024-10-07,101.97,Stop Loss,6,-0.02,False,13.522129059061626,2024
O,2024-09-30,breakout,63.42,60.12,66.36,2024-10-31,60.12,Stop Loss,23,-0.052067,False,15.972175611451455,2024
CLX,2024-10-01,pullback,165.32,162.01,176.89,2024-10-03,162.01,Stop Loss,2,-0.02,False,23.08200525090063,2024
UNH,2024-10-02,pullback,592.31,580.46,633.77,2024-10-08,580.46,Stop Loss,4,-0.02,False,16.898812613455828,2024
NOW,2024-10-03,pullback,178.13,174.57,190.6,2024-10-17,183.42,Time Exit,10,0.029731,True,16.85051296400035,2024
SBUX,2024-10-04,pullback,96.58,94.65,103.34,2024-10-10,94.65,Stop Loss,4,-0.02,False,26.746199379514547,2024
APD,2024-10-07,pullback,312.69,306.44,334.58,2024-10-08,306.44,Stop Loss,1,-0.02,False,19.222857572428808,2024
AON,2024-10-08,breakout,353.97,335.5,369.89,2024-10-25,369.89,Profit Target,13,0.044976,True,17.41045189907402,2024
ERIE,2024-10-09,pullback,532.6,521.95,569.88,2024-10-16,521.95,Stop Loss,5,-0.02,False,35.73508893053403,2024
ALNY,2024-10-10,pullback,278.62,273.05,298.12,2024-10-16,298.12,Profit Target,4,0.07,True,13.463441192639202,2024
ERIE,2024-10-11,pullback,534.7,524.01,572.13,2024-10-16,524.01,Stop Loss,3,-0.02,False,36.1303925463446,2024
MMM,2024-10-14,pullback,135.76,133.04,145.26,2024-10-22,133.04,Stop Loss,6,-0.02,False,23.982867338522663,2024
SATS,2024-10-15,pullback,25.79,25.27,27.6,2024-10-21,25.27,Stop Loss,4,-0.02,False,25.557529906975283,2024
NRG,2024-10-16,pullback,91.29,89.46,97.68,2024-10-17,89.46,Stop Loss,1,-0.02,False,15.460652824585818,2024
MELI,2024-10-17,pullback,2065.87,2024.55,2210.48,2024-10-29,2024.55,Stop Loss,8,-0.02,False,18.957665097804586,2024
SBUX,2024-10-18,pullback,96.84,94.9,103.62,2024-10-23,94.9,Stop Loss,3,-0.02,False,23.401937580726774,2024
GOOG,2024-10-21,pullback,165.8,162.48,177.41,2024-10-30,177.41,Profit Target,7,0.07,True,-10.249843424459826,2024
META,2024-10-22,pullback,582.01,570.37,622.75,2024-10-23,570.37,Stop Loss,1,-0.02,False,18.028923852937528,2024
SATS,2024-10-23,pullback,25.12,24.62,26.88,2024-10-31,24.62,Stop Loss,6,-0.02,False,20.16505662215764,2024
LVS,2024-10-24,pullback,52.47,51.42,56.14,2024-11-04,51.42,Stop Loss,7,-0.02,False,29.719927669095767,2024
SATS,2024-10-25,pullback,25.13,24.63,26.89,2024-10-31,24.63,Stop Loss,4,-0.02,False,20.21351481283693,2024
IBKR,2024-10-28,pullback,37.75,36.99,40.39,2024-11-06,40.39,Profit Target,7,0.07,True,26.705454585831667,2024
COHR,2024-10-29,pullback,98.53,96.56,105.43,2024-10-30,96.56,Stop Loss,1,-0.02,False,58.63705808665281,2024
DELL,2024-10-30,pullback,129.4,126.81,138.46,2024-10-31,126.81,Stop Loss,1,-0.02,False,35.400919606788996,2024
GDDY,2024-10-31,breakout,166.8,158.38,173.16,2024-11-06,173.16,Profit Target,4,0.038129,True,-0.808717035794082,2024
STLD,2024-11-01,pullback,133.65,130.98,143.01,2024-11-06,143.01,Profit Target,3,0.07,True,4.767582192277531,2024
FOXA,2024-11-04,breakout,43.0,40.85,44.64,2024-11-06,44.64,Profit Target,2,0.038139,True,3.88705470448536,2024
AMP,2024-11-05,pullback,513.95,503.67,549.93,2024-11-06,549.93,Profit Target,1,0.07,True,19.493545938349044,2024
ORCL,2024-11-06,pullback,181.24,177.62,193.93,2024-11-20,190.75,Time Exit,10,0.052472,True,24.960807690750308,2024
LOW,2024-11-08,pullback,271.1,265.68,290.08,2024-11-19,265.68,Stop Loss,7,-0.02,False,4.503512272660193,2024
PFG,2024-11-11,pullback,87.21,85.47,93.31,2024-11-19,85.47,Stop Loss,6,-0.02,False,4.582858143248947,2024
DXCM,2024-11-12,pullback,74.34,72.85,79.54,2024-11-13,72.85,Stop Loss,1,-0.02,False,-4.792007243393481,2024
ARES,2024-11-14,pullback,169.02,165.64,180.85,2024-11-19,165.64,Stop Loss,3,-0.02,False,11.108557671078323,2024
APD,2024-11-15,pullback,317.1,310.76,339.3,2024-12-02,335.62,Time Exit,10,0.058404,True,10.747746332577023,2024
CBRE,2024-11-18,pullback,132.67,130.02,141.96,2024-11-27,141.96,Profit Target,7,0.07,True,8.786338762696321,2024
ARES,2024-11-19,pullback,170.35,166.94,182.27,2024-12-04,176.85,Time Exit,10,0.038157,True,11.448426772429144,2024
XOM,2024-11-20,pullback,120.32,117.91,128.74,2024-11-26,117.91,Stop Loss,4,-0.02,False,-2.5062654023834563,2024
LULU,2024-11-21,pullback,315.14,308.84,337.2,2024-12-02,337.2,Profit Target,6,0.07,True,15.345196114307868,2024
ABNB,2024-11-22,pullback,137.34,134.59,146.95,2024-12-09,137.27,Time Exit,10,-0.00051,False,11.427593526440427,2024
LVS,2024-11-25,pullback,51.4,50.37,55.0,2024-12-02,55.0,Profit Target,4,0.07,True,24.652710400187395,2024
AMZN,2024-11-26,pullback,207.86,203.7,222.41,2024-12-06,222.41,Profit Target,7,0.07,True,10.900751737008086,2024
WTW,2024-11-27,breakout,320.86,305.6,334.4,2024-12-04,334.4,Profit Target,4,0.042199,True,0.30323460065935226,2024
MLM,2024-11-29,pullback,600.0,588.0,642.0,2024-12-03,588.0,Stop Loss,2,-0.02,False,7.89874024284023,2024
COHR,2024-12-02,pullback,103.62,101.55,110.87,2024-12-04,110.87,Profit Target,2,0.07,True,35.8839335533345,2024
GEV,2024-12-04,pullback,343.75,336.88,367.81,2024-12-09,336.88,Stop Loss,3,-0.02,False,54.75290363673571,2024
TRGP,2024-12-05,pullback,198.33,194.36,212.21,2024-12-06,194.36,Stop Loss,1,-0.02,False,26.66738616664086,2024
COF,2024-12-06,pullback,187.96,184.2,201.12,2024-12-10,184.2,Stop Loss,2,-0.02,False,27.10289747807506,2024
ALB,2024-12-09,pullback,109.66,107.47,117.34,2024-12-10,107.47,Stop Loss,1,-0.02,False,15.297117475570765,2024
PCAR,2024-12-10,pullback,115.37,113.06,123.45,2024-12-12,113.06,Stop Loss,2,-0.02,False,10.680551584433884,2024
MSTR,2024-12-11,pullback,411.4,403.17,440.2,2024-12-12,403.17,Stop Loss,1,-0.02,False,201.88822293127257,2024
EMR,2024-12-12,pullback,131.16,128.54,140.34,2024-12-17,128.54,Stop Loss,3,-0.02,False,18.00015457958326,2024
AXON,2024-12-13,pullback,644.91,632.01,690.05,2024-12-16,632.01,Stop Loss,1,-0.02,False,57.650020016503724,2024
COIN,2024-12-16,pullback,315.31,309.0,337.38,2024-12-17,309.0,Stop Loss,1,-0.02,False,78.72069718343423,2024
V,2024-12-17,breakout,318.3,301.31,332.3,2025-01-27,332.3,Profit Target,25,0.043984,True,10.91288878771628,2024
GDDY,2024-12-19,pullback,202.94,198.88,217.15,2024-12-30,198.88,Stop Loss,6,-0.02,False,27.987700150785532,2024
NFLX,2024-12-20,pullback,90.9,89.09,97.27,2024-12-30,89.09,Stop Loss,5,-0.02,False,25.071116741708856,2024
APO,2024-12-24,pullback,174.85,171.35,187.09,2024-12-27,171.35,Stop Loss,2,-0.02,False,26.704850614354992,2024
APP,2024-12-26,pullback,346.73,339.8,371.0,2024-12-27,339.8,Stop Loss,1,-0.02,False,158.24435423858918,2024
EQT,2024-12-27,pullback,44.32,43.43,47.42,2025-01-02,47.42,Profit Target,3,0.07,True,12.864820247802665,2024
EXE,2024-12-30,pullback,99.84,97.84,106.83,2025-01-15,105.24,Time Exit,10,0.054087,True,13.934873783189495,2024
SW,2024-12-31,pullback,53.86,52.78,57.63,2025-01-03,52.78,Stop Loss,2,-0.02,False,12.73318795888725,2024
MRVL,2025-01-02,pullback,113.56,111.29,121.51,2025-01-06,121.51,Profit Target,2,0.07,True,53.32642684125555,2025
PLTR,2025-01-03,pullback,79.89,78.29,85.48,2025-01-06,78.29,Stop Loss,1,-0.02,False,82.66459056347759,2025
UAL,2025-01-06,pullback,98.57,96.6,105.47,2025-01-10,105.47,Profit Target,3,0.07,True,60.23672957641282,2025
BMY,2025-01-07,pullback,57.14,56.0,61.14,2025-01-10,56.0,Stop Loss,2,-0.02,False,7.902125364391255,2025
DECK,2025-01-08,pullback,207.52,203.37,222.05,2025-01-13,203.37,Stop Loss,2,-0.02,False,28.22615124493908,2025
WMT,2025-01-10,pullback,93.0,91.14,99.51,2025-01-13,91.14,Stop Loss,1,-0.02,False,13.778340452366034,2025
APTV,2025-01-13,pullback,60.61,59.4,64.85,2025-01-22,64.85,Profit Target,6,0.07,True,-13.701032942327974,2025
HOOD,2025-01-14,pullback,41.76,40.92,44.68,2025-01-15,44.68,Profit Target,1,0.07,True,58.690079720094566,2025
LITE,2025-01-15,pullback,88.4,86.63,94.59,2025-01-17,94.59,Profit Target,2,0.07,True,32.073269679910574,2025
DECK,2025-01-16,pullback,208.22,204.06,222.8,2025-01-30,222.8,Profit Target,9,0.07,True,28.756925612149708,2025
APP,2025-01-17,pullback,342.34,335.49,366.3,2025-01-22,366.3,Profit Target,2,0.07,True,112.93127725439483,2025
CIEN,2025-01-21,pullback,88.68,86.91,94.89,2025-01-22,94.89,Profit Target,1,0.07,True,29.520889432586863,2025
PLTR,2025-01-22,pullback,76.87,75.33,82.25,2025-01-27,75.33,Stop Loss,3,-0.02,False,71.77342808759278,2025
EBAY,2025-01-23,pullback,64.75,63.45,69.28,2025-02-06,67.5,Time Exit,10,0.042471,True,-2.6887104940925166,2025
VRSN,2025-01-24,pullback,210.73,206.52,225.48,2025-02-07,221.39,Time Exit,10,0.050586,True,13.007614044225413,2025
DLTR,2025-01-27,pullback,74.95,73.45,80.2,2025-01-28,73.45,Stop Loss,1,-0.02,False,13.17629942570846,2025
CF,2025-01-29,pullback,92.52,90.67,99.0,2025-02-03,90.67,Stop Loss,3,-0.02,False,6.680459523788307,2025
NRG,2025-01-30,pullback,105.0,102.9,112.35,2025-01-31,102.9,Stop Loss,1,-0.02,False,15.125285106746066,2025
CIEN,2025-01-31,pullback,87.14,85.4,93.24,2025-02-03,85.4,Stop Loss,1,-0.02,False,32.17486798146749,2025
CIEN,2025-02-04,pullback,87.5,85.75,93.62,2025-02-06,93.62,Profit Target,2,0.07,True,25.9200816393095,2025
VST,2025-02-05,pullback,171.61,168.18,183.62,2025-02-06,168.18,Stop Loss,1,-0.02,False,24.989263911129434,2025
APTV,2025-02-06,pullback,63.48,62.21,67.92,2025-02-20,67.92,Profit Target,9,0.07,True,11.49423175729327,2025
ANET,2025-02-07,pullback,118.47,116.1,126.76,2025-02-11,116.1,Stop Loss,2,-0.02,False,18.936411474746873,2025
WSM,2025-02-10,pullback,209.36,205.17,224.02,2025-02-12,205.17,Stop Loss,2,-0.02,False,60.799306816455,2025
APA,2025-02-11,pullback,23.31,22.84,24.94,2025-02-12,22.84,Stop Loss,1,-0.02,False,4.498605556320201,2025
CIEN,2025-02-12,pullback,88.8,87.02,95.02,2025-02-19,87.02,Stop Loss,4,-0.02,False,25.624799353841965,2025
ARM,2025-02-13,pullback,164.83,161.53,176.37,2025-02-14,161.53,Stop Loss,1,-0.02,False,23.949303468179274,2025
WSM,2025-02-14,pullback,214.6,210.31,229.62,2025-02-19,210.31,Stop Loss,2,-0.02,False,56.61680377731466,2025
STT,2025-02-18,pullback,100.44,98.43,107.47,2025-02-20,98.43,Stop Loss,2,-0.02,False,2.4603504760949857,2025
CTAS,2025-02-19,breakout,208.14,197.43,216.02,2025-03-11,197.43,Stop Loss,14,-0.051466,False,-8.648760620870256,2025
AZO,2025-02-20,pullback,3406.66,3338.53,3645.13,2025-03-06,3615.79,Time Exit,10,0.061389,True,8.198794798339936,2025
INCY,2025-02-21,pullback,72.11,70.67,77.16,2025-03-03,70.67,Stop Loss,6,-0.02,False,-0.20011843256206863,2025
SOLV,2025-02-24,pullback,76.28,74.75,81.62,2025-02-25,81.62,Profit Target,1,0.07,True,6.574987960713264,2025
ROP,2025-02-25,breakout,587.34,558.79,607.26,2025-04-04,558.79,Stop Loss,28,-0.048606,False,5.5965412058600394,2025
ASML,2025-02-26,pullback,746.93,731.99,799.22,2025-02-27,731.99,Stop Loss,1,-0.02,False,12.118684593907025,2025
MA,2025-02-27,pullback,564.82,553.52,604.36,2025-03-04,553.52,Stop Loss,3,-0.02,False,8.8862359001603,2025
V,2025-02-28,breakout,362.71,343.52,375.37,2025-03-06,343.52,Stop Loss,4,-0.052897,False,16.111558809587954,2025
MELI,2025-03-05,pullback,2112.77,2070.51,2260.66,2025-03-06,2070.51,Stop Loss,1,-0.02,False,10.3296093024696,2025
GD,2025-05-12,pullback,276.24,270.72,295.58,2025-05-14,270.72,Stop Loss,2,-0.02,False,18.557910059874892,2025
FAST,2025-05-14,pullback,40.26,39.45,43.07,2025-05-29,41.2,Time Exit,10,0.023475,True,10.67122375790187,2025
HII,2025-05-15,pullback,228.16,223.6,244.13,2025-05-21,223.6,Stop Loss,4,-0.02,False,31.5225769010546,2025
COR,2025-05-16,pullback,290.22,284.42,310.54,2025-06-02,292.07,Time Exit,10,0.006374,True,21.16552102481206,2025
LMT,2025-05-19,pullback,473.06,463.6,506.17,2025-06-03,480.17,Time Exit,10,0.01503,True,7.842883303462345,2025
WMB,2025-05-20,pullback,58.77,57.59,62.88,2025-05-22,57.59,Stop Loss,2,-0.02,False,4.8440964987683905,2025
NEM,2025-05-21,pullback,52.64,51.59,56.32,2025-06-05,56.32,Profit Target,10,0.07,True,22.75388929648573,2025
MRVL,2025-05-22,pullback,61.85,60.61,66.18,2025-05-23,60.61,Stop Loss,1,-0.02,False,-29.10024938829574,2025
ALLE,2025-05-27,pullback,144.53,141.64,154.65,2025-05-30,141.64,Stop Loss,3,-0.02,False,12.97070832882068,2025
ALGN,2025-05-28,pullback,180.11,176.51,192.72,2025-06-02,176.51,Stop Loss,3,-0.02,False,4.1375565663066105,2025
COR,2025-05-29,pullback,290.69,284.88,311.04,2025-06-09,284.88,Stop Loss,7,-0.02,False,14.369875178454894,2025
AIG,2025-05-30,breakout,84.64,80.72,88.05,2025-07-16,80.72,Stop Loss,31,-0.046262,False,1.2213916825947413,2025
ON,2025-06-02,pullback,42.54,41.69,45.52,2025-06-03,45.52,Profit Target,1,0.07,True,-9.214902936420877,2025
COF,2025-06-03,pullback,195.63,191.72,209.32,2025-06-05,191.72,Stop Loss,2,-0.02,False,13.046711120777598,2025
JKHY,2025-06-04,pullback,181.51,177.88,194.22,2025-06-09,177.88,Stop Loss,3,-0.02,False,-4.469143630018024,2025
NOW,2025-06-05,pullback,203.52,199.45,217.77,2025-06-13,199.45,Stop Loss,6,-0.02,False,14.575787116989991,2025
SHOP,2025-06-06,pullback,111.41,109.18,119.21,2025-06-09,109.18,Stop Loss,1,-0.02,False,14.328651630116319,2025
COIN,2025-06-09,pullback,256.63,251.5,274.59,2025-06-11,251.5,Stop Loss,2,-0.02,False,33.592026514575934,2025
URI,2025-06-10,pullback,715.74,701.43,765.84,2025-06-13,701.43,Stop Loss,3,-0.02,False,8.974698278343674,2025
FSLR,2025-06-11,pullback,167.86,164.5,179.61,2025-06-12,164.5,Stop Loss,1,-0.02,False,24.62985966339395,2025
CEG,2025-06-12,pullback,300.38,294.37,321.41,2025-06-13,294.37,Stop Loss,1,-0.02,False,31.30032298657497,2025
EQT,2025-06-13,pullback,56.84,55.7,60.82,2025-06-23,60.82,Profit Target,5,0.07,True,0.21604096381515614,2025
CEG,2025-06-16,pullback,308.01,301.85,329.57,2025-07-01,307.92,Time Exit,10,-0.000292,False,31.58196425706743,2025
LDOS,2025-06-17,pullback,149.39,146.4,159.85,2025-06-20,146.4,Stop Loss,2,-0.02,False,5.930671497552664,2025
ARES,2025-06-18,pullback,167.34,163.99,179.05,2025-06-23,163.99,Stop Loss,2,-0.02,False,3.704701008844502,2025
HWM,2025-06-20,pullback,173.34,169.87,185.47,2025-06-27,185.47,Profit Target,5,0.07,True,24.705003154764782,2025
CCI,2025-06-23,breakout,102.53,97.4,105.89,2025-07-21,105.89,Profit Target,19,0.032771,True,-5.890112664982161,2025
TT,2025-06-24,pullback,429.02,420.44,459.05,2025-07-09,433.61,Time Exit,10,0.010699,True,20.023007282610617,2025
IBKR,2025-06-25,pullback,52.26,51.21,55.92,2025-07-01,55.92,Profit Target,4,0.07,True,17.707001043454994,2025
NRG,2025-06-26,pullback,161.54,158.31,172.85,2025-07-01,158.31,Stop Loss,3,-0.02,False,54.87648736437816,2025
VRSN,2025-06-27,breakout,287.68,272.43,297.22,2025-07-25,297.22,Profit Target,19,0.033162,True,3.6687502331786526,2025
MOS,2025-06-30,pullback,36.48,35.75,39.03,2025-07-10,35.75,Stop Loss,7,-0.02,False,25.403714385663555,2025
ABNB,2025-07-01,pullback,135.41,132.7,144.89,2025-07-16,136.71,Time Exit,10,0.0096,True,4.7156490948388585,2025
APA,2025-07-02,pullback,19.49,19.1,20.85,2025-07-07,19.1,Stop Loss,2,-0.02,False,7.268334294380119,2025
AXON,2025-07-03,pullback,795.48,779.57,851.16,2025-07-08,779.57,Stop Loss,2,-0.02,False,31.869211698956335,2025
PLTR,2025-07-07,pullback,139.12,136.34,148.86,2025-07-08,136.34,Stop Loss,1,-0.02,False,38.06617340339844,2025
MU,2025-07-08,pullback,124.42,121.93,133.13,2025-07-09,121.93,Stop Loss,1,-0.02,False,59.36137327789215,2025
TT,2025-07-09,pullback,433.61,424.94,463.96,2025-07-23,459.35,Time Exit,10,0.059362,True,8.511361553097974,2025
MRVL,2025-07-10,pullback,73.36,71.89,78.5,2025-07-14,71.89,Stop Loss,2,-0.02,False,24.293288231426736,2025
MOS,2025-07-11,pullback,36.45,35.72,39.0,2025-07-15,35.72,Stop Loss,2,-0.02,False,22.121917686725865,2025
INSM,2025-07-14,pullback,101.89,99.85,109.02,2025-07-28,101.75,Time Exit,10,-0.001374,False,26.280447920023843,2025
FSLR,2025-07-15,pullback,171.93,168.49,183.97,2025-07-16,168.49,Stop Loss,1,-0.02,False,16.155840464449224,2025
APTV,2025-07-16,pullback,70.13,68.73,75.04,2025-07-18,68.73,Stop Loss,2,-0.02,False,16.0648298834162,2025
DIS,2025-07-17,pullback,122.21,119.77,130.76,2025-07-29,119.77,Stop Loss,8,-0.02,False,22.839932803501917,2025
DASH,2025-07-18,pullback,239.17,234.39,255.91,2025-08-01,248.35,Time Exit,10,0.038383,True,14.786893266825762,2025
CASY,2025-07-21,pullback,518.26,507.89,554.54,2025-08-04,523.25,Time Exit,10,0.009628,True,0.8526672913780509,2025
NTRS,2025-07-22,pullback,126.53,124.0,135.39,2025-07-23,124.0,Stop Loss,1,-0.02,False,23.94299095934411,2025
VST,2025-07-23,pullback,200.12,196.12,214.13,2025-07-24,196.12,Stop Loss,1,-0.02,False,39.25677131538365,2025
MRVL,2025-07-24,pullback,74.04,72.56,79.22,2025-07-30,79.22,Profit Target,4,0.07,True,11.72573751499215,2025
HPE,2025-07-25,pullback,20.73,20.32,22.18,2025-08-01,20.32,Stop Loss,5,-0.02,False,12.917165938201268,2025
ON,2025-07-28,pullback,58.66,57.49,62.77,2025-07-30,57.49,Stop Loss,2,-0.02,False,34.080422997537866,2025
CINF,2025-07-29,breakout,152.42,144.28,159.04,2025-08-01,144.28,Stop Loss,3,-0.053438,False,-5.92940068193657,2025
SATS,2025-07-30,pullback,32.82,32.16,35.12,2025-08-01,32.16,Stop Loss,2,-0.02,False,24.846461548360764,2025
GM,2025-07-31,pullback,53.34,52.27,57.07,2025-08-01,52.27,Stop Loss,1,-0.02,False,4.220101780439456,2025
PHM,2025-08-01,pullback,116.75,114.41,124.92,2025-08-13,124.92,Profit Target,8,0.07,True,4.435082512408783,2025
NTRS,2025-08-04,pullback,127.65,125.1,136.59,2025-08-05,125.1,Stop Loss,1,-0.02,False,15.41647619152904,2025
ADM,2025-08-05,pullback,57.62,56.47,61.65,2025-08-19,59.96,Time Exit,10,0.040611,True,7.455575487781085,2025
NKE,2025-08-06,pullback,75.48,73.97,80.76,2025-08-08,73.97,Stop Loss,2,-0.02,False,12.073154325686474,2025
IQV,2025-08-07,pullback,178.95,175.37,191.48,2025-08-15,191.48,Profit Target,6,0.07,True,11.023568028605201,2025
STX,2025-08-08,pullback,150.45,147.44,160.98,2025-08-22,159.21,Time Exit,10,0.058225,True,34.587345484615305,2025
EL,2025-08-12,pullback,91.7,89.87,98.12,2025-08-14,89.87,Stop Loss,2,-0.02,False,32.548364224127056,2025
NKE,2025-08-13,pullback,77.2,75.66,82.6,2025-08-14,75.66,Stop Loss,1,-0.02,False,15.943449849824699,2025
NTRS,2025-08-14,pullback,128.49,125.92,137.48,2025-08-15,125.92,Stop Loss,1,-0.02,False,10.937994158305276,2025
CVNA,2025-08-15,pullback,70.0,68.6,74.9,2025-08-19,68.6,Stop Loss,2,-0.02,False,9.429081087692559,2025
C,2025-08-18,pullback,94.22,92.34,100.82,2025-08-20,92.34,Stop Loss,2,-0.02,False,18.004145597053522,2025
WST,2025-08-19,pullback,246.99,242.05,264.28,2025-08-21,242.05,Stop Loss,2,-0.02,False,9.655567565909529,2025
NTRS,2025-08-20,pullback,127.88,125.32,136.83,2025-09-04,129.49,Time Exit,10,0.01259,True,9.431112055666468,2025
FIX,2025-08-21,pullback,694.0,680.12,742.58,2025-09-02,680.12,Stop Loss,7,-0.02,False,37.380673080141435,2025
HOOD,2025-08-22,pullback,109.32,107.13,116.97,2025-08-25,107.13,Stop Loss,1,-0.02,False,61.580739212630874,2025
RJF,2025-08-25,pullback,165.9,162.58,177.51,2025-09-09,165.59,Time Exit,10,-0.001869,False,3.866585091772201,2025
HOOD,2025-08-26,pullback,108.8,106.62,116.42,2025-08-27,106.62,Stop Loss,1,-0.02,False,51.19789356511277,2025
EL,2025-08-27,pullback,92.61,90.76,99.09,2025-08-29,90.76,Stop Loss,2,-0.02,False,25.875111061703414,2025
SHOP,2025-08-28,pullback,141.54,138.71,151.45,2025-09-02,138.71,Stop Loss,2,-0.02,False,27.756010218848125,2025
HSY,2025-08-29,pullback,183.75,180.07,196.61,2025-09-15,185.56,Time Exit,10,0.00985,True,4.114186632594463,2025
PFE,2025-09-02,pullback,24.98,24.48,26.73,2025-09-04,24.48,Stop Loss,2,-0.02,False,0.11588409263765254,2025
TPR,2025-09-03,pullback,104.43,102.34,111.74,2025-09-10,102.34,Stop Loss,5,-0.02,False,24.408990552367406,2025
GPC,2025-09-04,breakout,141.25,133.98,146.97,2025-10-08,133.98,Stop Loss,24,-0.051492,False,3.9906410057881647,2025
NUE,2025-09-05,pullback,147.26,144.31,157.57,2025-09-08,144.31,Stop Loss,1,-0.02,False,18.094178864571298,2025
IDXX,2025-09-08,pullback,652.83,639.77,698.53,2025-09-10,639.77,Stop Loss,2,-0.02,False,16.42880576715733,2025
ROL,2025-09-09,pullback,57.32,56.17,61.33,2025-09-10,56.17,Stop Loss,1,-0.02,False,-8.15944524797494,2025
GEV,2025-09-10,pullback,643.56,630.69,688.61,2025-09-11,630.69,Stop Loss,1,-0.02,False,23.691187526883816,2025
CRH,2025-09-11,pullback,114.47,112.18,122.48,2025-09-16,112.18,Stop Loss,3,-0.02,False,17.39990382381795,2025
EA,2025-09-12,pullback,172.38,168.93,184.45,2025-09-24,168.93,Stop Loss,8,-0.02,False,4.12112050933906,2025
WSM,2025-09-15,pullback,201.07,197.05,215.14,2025-09-16,197.05,Stop Loss,1,-0.02,False,15.37463301885056,2025
GRMN,2025-09-16,pullback,236.67,231.94,253.24,2025-09-30,246.22,Time Exit,10,0.040352,True,7.341858522705835,2025
WYNN,2025-09-17,pullback,123.28,120.81,131.91,2025-09-29,131.91,Profit Target,8,0.07,True,26.881457400096597,2025
TER,2025-09-18,pullback,118.82,116.44,127.14,2025-09-22,127.14,Profit Target,2,0.07,True,22.64726738288374,2025
MMM,2025-09-19,pullback,156.6,153.47,167.56,2025-09-25,153.47,Stop Loss,4,-0.02,False,-4.597042065345236,2025
NCLH,2025-09-22,pullback,25.39,24.88,27.17,2025-09-25,24.88,Stop Loss,3,-0.02,False,17.372488885182392,2025
URI,2025-09-23,pullback,955.22,936.12,1022.09,2025-09-24,936.12,Stop Loss,1,-0.02,False,19.44629131746971,2025
ALNY,2025-09-24,pullback,458.37,449.2,490.46,2025-09-25,449.2,Stop Loss,1,-0.02,False,35.289690940584585,2025
JNJ,2025-09-25,pullback,177.73,174.18,190.17,2025-10-08,190.17,Profit Target,9,0.07,True,8.191621108879431,2025
EA,2025-09-26,pullback,193.35,189.48,206.88,2025-10-10,200.02,Time Exit,10,0.034497,True,18.611258233659566,2025
GD,2025-09-29,breakout,332.17,314.26,345.42,2025-10-06,345.42,Profit Target,5,0.039889,True,5.8058731748072745,2025
ANET,2025-09-30,pullback,145.71,142.8,155.91,2025-10-02,142.8,Stop Loss,2,-0.02,False,33.54290898676071,2025
GOOGL,2025-10-01,pullback,244.9,240.0,262.04,2025-10-09,240.0,Stop Loss,6,-0.02,False,31.54616838898807,2025
FICO,2025-10-02,pullback,1784.68,1748.99,1909.61,2025-10-08,1748.99,Stop Loss,4,-0.02,False,5.707276742977996,2025
ANET,2025-10-03,pullback,145.5,142.59,155.69,2025-10-08,155.69,Profit Target,3,0.07,True,26.704375586017683,2025
GOOGL,2025-10-06,pullback,250.43,245.42,267.96,2025-10-08,245.42,Stop Loss,2,-0.02,False,30.44208665775261,2025
ALNY,2025-10-07,pullback,459.58,450.39,491.75,2025-10-08,450.39,Stop Loss,1,-0.02,False,40.16656866415387,2025
ANET,2025-10-08,pullback,157.36,154.21,168.38,2025-10-10,154.21,Stop Loss,2,-0.02,False,37.46791153719058,2025
ALNY,2025-10-09,pullback,456.95,447.81,488.94,2025-10-17,488.94,Profit Target,6,0.07,True,33.8684373252409,2025
DGX,2025-10-10,pullback,184.07,180.39,196.95,2025-10-21,180.39,Stop Loss,7,-0.02,False,6.227324979983173,2025
SATS,2025-10-13,pullback,74.85,73.35,80.09,2025-10-14,73.35,Stop Loss,1,-0.02,False,158.75723227764976,2025
UHS,2025-10-14,pullback,203.81,199.73,218.08,2025-10-28,218.08,Profit Target,10,0.07,True,19.97634099677441,2025
GOOGL,2025-10-15,pullback,251.03,246.01,268.6,2025-10-21,246.01,Stop Loss,4,-0.02,False,27.079654841401336,2025
COHR,2025-10-16,pullback,115.96,113.64,124.08,2025-10-17,113.64,Stop Loss,1,-0.02,False,13.330616932769935,2025
TSLA,2025-10-17,pullback,439.31,430.52,470.06,2025-10-22,430.52,Stop Loss,3,-0.02,False,34.7122823220364,2025
TER,2025-10-20,pullback,139.19,136.41,148.93,2025-10-22,136.41,Stop Loss,2,-0.02,False,47.32655180028094,2025
GE,2025-10-21,breakout,306.63,290.03,319.37,2025-11-21,290.03,Stop Loss,23,-0.054129,False,7.7647392799292,2025
IBM,2025-10-22,pullback,287.51,281.76,307.64,2025-10-23,281.76,Stop Loss,1,-0.02,False,5.2154417054874225,2025
WDC,2025-10-23,pullback,125.72,123.21,134.52,2025-10-28,123.21,Stop Loss,3,-0.02,False,53.48848260506309,2025
STX,2025-10-24,pullback,234.12,229.44,250.51,2025-10-27,229.44,Stop Loss,1,-0.02,False,42.29886133840668,2025
APP,2025-10-27,pullback,643.1,630.24,688.12,2025-10-28,630.24,Stop Loss,1,-0.02,False,54.23936308690376,2025
XYL,2025-10-28,breakout,150.5,142.89,157.33,2025-11-14,142.89,Stop Loss,13,-0.050552,False,-4.611974300498578,2025
CMI,2025-10-29,pullback,441.26,432.43,472.15,2025-11-04,432.43,Stop Loss,4,-0.02,False,6.9797708920515955,2025
LDOS,2025-10-30,pullback,190.92,187.1,204.28,2025-11-04,204.28,Profit Target,3,0.07,True,1.4035702918253623,2025
HOOD,2025-10-31,pullback,146.78,143.84,157.05,2025-11-03,143.84,Stop Loss,1,-0.02,False,21.00322471531939,2025
SRE,2025-11-03,pullback,92.58,90.73,99.06,2025-11-13,90.73,Stop Loss,8,-0.02,False,6.980657430655013,2025
FER,2025-11-04,pullback,62.78,61.52,67.17,2025-11-18,62.65,Time Exit,10,-0.002071,False,11.80057395181031,2025
GLW,2025-11-05,pullback,87.1,85.36,93.2,2025-11-07,85.36,Stop Loss,2,-0.02,False,27.422553880575506,2025
FICO,2025-11-06,pullback,1674.8,1641.3,1792.04,2025-11-10,1792.04,Profit Target,2,0.07,True,23.12188146446539,2025
EA,2025-11-07,pullback,200.6,196.59,214.64,2025-11-21,200.69,Time Exit,10,0.000449,True,10.566580978264973,2025
INTC,2025-11-10,pullback,38.45,37.68,41.14,2025-11-11,37.68,Stop Loss,1,-0.02,False,56.58176363852352,2025
IQV,2025-11-11,pullback,218.53,214.16,233.83,2025-11-18,214.16,Stop Loss,5,-0.02,False,6.860159482442274,2025
AMAT,2025-11-12,pullback,230.73,226.12,246.88,2025-11-13,226.12,Stop Loss,1,-0.02,False,36.251772990138065,2025
BF-B,2025-11-13,pullback,28.05,27.49,30.01,2025-11-18,27.49,Stop Loss,3,-0.02,False,-13.653497823178284,2025
BKR,2025-11-14,pullback,48.73,47.76,52.14,2025-11-17,47.76,Stop Loss,1,-0.02,False,4.744381010578103,2025
XEL,2025-11-17,pullback,81.31,79.68,87.0,2025-11-19,79.68,Stop Loss,2,-0.02,False,7.726739282655415,2025
TMO,2025-11-18,pullback,576.03,564.51,616.35,2025-12-03,580.45,Time Exit,10,0.007673,True,15.610336456972608,2025
COHR,2025-11-19,pullback,142.94,140.08,152.95,2025-11-20,140.08,Stop Loss,1,-0.02,False,55.104735422379925,2025
STLD,2025-11-21,pullback,158.16,155.0,169.23,2025-12-01,169.23,Profit Target,5,0.07,True,18.63932360689624,2025
COHR,2025-11-24,pullback,151.81,148.77,162.44,2025-11-25,148.77,Stop Loss,1,-0.02,False,68.4593256985705,2025
WDC,2025-11-25,pullback,155.41,152.3,166.29,2025-12-02,166.29,Profit Target,4,0.07,True,75.85019735164298,2025
LRCX,2025-11-26,pullback,155.14,152.04,166.0,2025-12-09,166.0,Profit Target,8,0.07,True,49.783227523112636,2025
MU,2025-11-28,pullback,236.48,231.75,253.03,2025-12-01,231.75,Stop Loss,1,-0.02,False,74.4254021947587,2025
EA,2025-12-01,breakout,202.62,198.74,204.74,2025-12-24,204.74,Profit Target,17,0.010463,True,15.718437614659475,2025
KLAC,2025-12-02,pullback,1189.86,1166.06,1273.15,2025-12-16,1223.37,Time Exit,10,0.028163,True,24.854947275425676,2025
FIX,2025-12-03,pullback,949.3,930.31,1015.75,2025-12-08,1015.75,Profit Target,3,0.07,True,21.362590097297062,2025
WDC,2025-12-04,pullback,161.0,157.78,172.27,2025-12-08,172.27,Profit Target,2,0.07,True,63.377536326864245,2025
CIEN,2025-12-05,pullback,201.71,197.68,215.83,2025-12-09,215.83,Profit Target,2,0.07,True,49.34696221969246,2025
F,2025-12-08,pullback,13.14,12.88,14.06,2025-12-22,13.46,Time Exit,10,0.024353,True,9.062310653267659,2025
HCA,2025-12-09,pullback,488.5,478.73,522.7,2025-12-10,478.73,Stop Loss,1,-0.02,False,18.71047009819369,2025
WAT,2025-12-10,pullback,395.82,387.9,423.53,2025-12-11,387.9,Stop Loss,1,-0.02,False,26.03428575641702,2025
FICO,2025-12-11,pullback,1825.83,1789.31,1953.64,2025-12-16,1789.31,Stop Loss,3,-0.02,False,15.891312243295431,2025
ROL,2025-12-12,pullback,60.05,58.85,64.25,2025-12-29,60.77,Time Exit,10,0.01199,True,5.457599919101019,2025
LLY,2025-12-15,pullback,1062.19,1040.95,1136.54,2025-12-16,1040.95,Stop Loss,1,-0.02,False,38.61377345613566,2025
ROK,2025-12-26,pullback,399.79,391.79,427.78,2025-12-31,391.79,Stop Loss,3,-0.02,False,11.50341848767451,2025
AMAT,2025-12-29,pullback,263.05,257.79,281.46,2025-12-31,257.79,Stop Loss,2,-0.02,False,18.140477599142145,2025
